ticker,nct,sponsor,pcd,status
VRTX,NCT03633526,Vertex Pharmaceuticals Incorporated,2019-01-18,TERMINATED
VRTX,NCT02412111,Vertex Pharmaceuticals Incorporated,2017-09,COMPLETED
VRTX,NCT06832410,Vertex Pharmaceuticals Incorporated,2026-09-17,RECRUITING
VRTX,NCT02669849,Vertex Pharmaceuticals Incorporated,2018-11,TERMINATED
VRTX,NCT03559062,Vertex Pharmaceuticals Incorporated,2018-12-21,COMPLETED
VRTX,NCT05153317,Vertex Pharmaceuticals Incorporated,2026-01-29,COMPLETED
VRTX,NCT03125395,Vertex Pharmaceuticals Incorporated,2019-07-17,COMPLETED
VRTX,NCT02347657,Vertex Pharmaceuticals Incorporated,2017-01-20,COMPLETED
VRTX,NCT02392234,Vertex Pharmaceuticals Incorporated,2017-02,COMPLETED
VRTX,NCT02725567,Vertex Pharmaceuticals Incorporated,2022-06-28,COMPLETED
VRTX,NCT03525444,Vertex Pharmaceuticals Incorporated,2019-04-24,COMPLETED
VRTX,NCT04362761,Vertex Pharmaceuticals Incorporated,2022-12-21,COMPLETED
VRTX,NCT02544451,Vertex Pharmaceuticals Incorporated,2018-08,COMPLETED
VRTX,NCT03277196,Vertex Pharmaceuticals Incorporated,2023-10-02,COMPLETED
VRTX,NCT03447262,Vertex Pharmaceuticals Incorporated,2020-09-09,TERMINATED
VRTX,NCT05274269,Vertex Pharmaceuticals Incorporated,2023-07-05,COMPLETED
NERV,NCT03397134,Minerva Neurosciences,2020-05-26,COMPLETED
RIGL,NCT04629703,Rigel Pharmaceuticals,2022-09-05,COMPLETED
RIGL,NCT03764618,Rigel Pharmaceuticals,2022-04-11,COMPLETED
RIGL,NCT02077192,Rigel Pharmaceuticals,2020-06-02,COMPLETED
RIGL,NCT04138927,Rigel Pharmaceuticals,2024-04,ENROLLING_BY_INVITATION
AMGN,NCT05724199,Amgen,2024-09-15,COMPLETED
AMGN,NCT05704738,Amgen,2025-02-27,COMPLETED
AMGN,NCT03836040,Amgen,2025-11-19,ACTIVE_NOT_RECRUITING
AMGN,NCT02747043,Amgen,2019-06-28,COMPLETED
ARDX,NCT02686138,Ardelyx,2017-08,COMPLETED
ARDX,NCT05643534,Ardelyx,2026-09-01,ACTIVE_NOT_RECRUITING
ARDX,NCT02621892,Ardelyx,2017-03,COMPLETED
ARDX,NCT03824587,Ardelyx,2019-07-17,COMPLETED
ARDX,NCT02727751,Ardelyx,2017-10,COMPLETED
ARDX,NCT03427125,Ardelyx,2019-11-15,COMPLETED
IRWD,NCT03573908,"Ironwood Pharmaceuticals, Inc.",2019-03-13,COMPLETED
IRWD,NCT03561090,"Ironwood Pharmaceuticals, Inc.",2020-10-07,TERMINATED
IRWD,NCT03561883,"Ironwood Pharmaceuticals, Inc.",2020-07-28,COMPLETED
PCRX,NCT03529942,"Pacira Pharmaceuticals, Inc",2019-11-08,COMPLETED
PCRX,NCT05139030,"Pacira Pharmaceuticals, Inc",2022-07-11,COMPLETED
PCRX,NCT03954639,"Pacira Pharmaceuticals, Inc",2020-09,WITHDRAWN
PCRX,NCT03046446,"Pacira Pharmaceuticals, Inc",2018-07-19,COMPLETED
PCRX,NCT03793010,"Pacira Pharmaceuticals, Inc",2019-08-07,TERMINATED
SUPN,NCT03665038,"Supernus Pharmaceuticals, Inc.",2021-01-08,COMPLETED
SUPN,NCT03597503,"Supernus Pharmaceuticals, Inc.",2020-01-22,TERMINATED
SUPN,NCT03247530,"Supernus Pharmaceuticals, Inc.",2018-09-12,COMPLETED
SUPN,NCT02736656,"Supernus Pharmaceuticals, Inc.",2026-09,ACTIVE_NOT_RECRUITING
SUPN,NCT04016792,"Supernus Pharmaceuticals, Inc.",2020-09,WITHDRAWN
SUPN,NCT02942004,"Supernus Pharmaceuticals, Inc.",2017-09-24,COMPLETED
SUPN,NCT04143217,"Supernus Pharmaceuticals, Inc.",2022-07-26,COMPLETED
SUPN,NCT05655520,"Supernus Pharmaceuticals, Inc.",2025-01-20,TERMINATED
SUPN,NCT02691182,"Supernus Pharmaceuticals, Inc.",2021-05,TERMINATED
SUPN,NCT02618434,"Supernus Pharmaceuticals, Inc.",2019-11-15,COMPLETED
SUPN,NCT02618408,"Supernus Pharmaceuticals, Inc.",2019-09-04,COMPLETED
SUPN,NCT04016779,"Supernus Pharmaceuticals, Inc.",2020-10-10,COMPLETED
SUPN,NCT03247543,"Supernus Pharmaceuticals, Inc.",2018-10-17,COMPLETED
SUPN,NCT03247517,"Supernus Pharmaceuticals, Inc.",2018-10-17,COMPLETED
SUPN,NCT02477618,"Supernus Pharmaceuticals, Inc.",2017-07-18,COMPLETED
SUPN,NCT02339064,"MDD US Operations, LLC a subsidiary of Supernus Pharmaceuticals",2018-12,ACTIVE_NOT_RECRUITING
SUPN,NCT03247556,"Supernus Pharmaceuticals, Inc.",2019-02-14,COMPLETED
SUPN,NCT02942017,"Supernus Pharmaceuticals, Inc.",2017-09-17,COMPLETED
CRBP,NCT03398837,Corbus Pharmaceuticals Inc.,2020-05-27,TERMINATED
CRBP,NCT03813160,Corbus Pharmaceuticals Inc.,2021-03-31,COMPLETED
OCUL,NCT04539548,"Ocular Therapeutix, Inc.",2023-12-21,COMPLETED
OCUL,NCT06223958,"Ocular Therapeutix, Inc.",2026-04-29,ACTIVE_NOT_RECRUITING
OCUL,NCT02914509,"Ocular Therapeutix, Inc.",2019-03-30,COMPLETED
OCUL,NCT04050865,"Ocular Therapeutix, Inc.",2020-02-28,COMPLETED
OCUL,NCT04061044,"Ocular Therapeutix, Inc.",2020-02-10,COMPLETED
MTNB,NCT05541107,"Matinas BioPharma Nanotechnologies, Inc.",2024-10,UNKNOWN
MTNB,NCT04662528,"Matinas Biopharma, Inc",2022-08,WITHDRAWN
LLY,NCT05738486,Eli Lilly and Company,2024-05-16,ACTIVE_NOT_RECRUITING
LLY,NCT06354660,Eli Lilly and Company,2026-01-22,COMPLETED
LLY,NCT01824290,Eli Lilly and Company,2019-03-18,COMPLETED
COLL,NCT04941105,Collegium Medicum w Bydgoszczy,2022-05-17,COMPLETED
COLL,NCT05905965,Collegium Medicum w Bydgoszczy,2025-12-31,RECRUITING
COLL,NCT05779059,Collegium Medicum w Bydgoszczy,2024-12-31,UNKNOWN
COLL,NCT03251859,Collegium Medicum w Bydgoszczy,2018-02-23,COMPLETED
COLL,NCT04718025,Collegium Medicum w Bydgoszczy,2024-06-30,UNKNOWN
COLL,NCT04476173,Collegium Medicum w Bydgoszczy,2024-06-30,UNKNOWN
IONS,NCT01737398,"Ionis Pharmaceuticals, Inc.",2017-03-03,COMPLETED
IONS,NCT02175004,"Ionis Pharmaceuticals, Inc.",2020-09-11,COMPLETED
IONS,NCT04136171,"Ionis Pharmaceuticals, Inc.",2026-04,ACTIVE_NOT_RECRUITING
IONS,NCT04768972,"Ionis Pharmaceuticals, Inc.",2026-06-17,ACTIVE_NOT_RECRUITING
IONS,NCT05139810,"Ionis Pharmaceuticals, Inc.",2023-11-09,COMPLETED
IONS,NCT05552326,"Ionis Pharmaceuticals, Inc.",2024-12-17,COMPLETED
IONS,NCT05079919,"Ionis Pharmaceuticals, Inc.",2024-10-22,COMPLETED
BLPH,NCT02725372,Bellerophon Pulse Technologies,2018-08,TERMINATED
BLPH,NCT03602781,Bellerophon Pulse Technologies,2019-06,WITHDRAWN
BLPH,NCT03267108,Bellerophon Pulse Technologies,2023-06-09,TERMINATED
BLPH,NCT04421508,Bellerophon Pulse Technologies,2020-12-28,TERMINATED
BLPH,NCT02652429,Bellerophon Pulse Technologies,2023-04,UNKNOWN
NKTR,NCT04969861,Nektar Therapeutics,2022-04-22,TERMINATED
NKTR,NCT03729245,Nektar Therapeutics,2022-01-07,TERMINATED
NKTR,NCT02915744,Nektar Therapeutics,2020-07,COMPLETED
NKTR,NCT05664217,Nektar Therapeutics,2024-05-22,TERMINATED
NKTR,NCT04410445,Nektar Therapeutics,2022-09-22,TERMINATED
NKTR,NCT02367820,Nektar Therapeutics,2017-12,COMPLETED
PFE,NCT02674386,Pfizer,2019-07-15,COMPLETED
PFE,NCT03587116,Pfizer,2024-12-13,COMPLETED
PFE,NCT05248997,Pfizer,2024-03-11,COMPLETED
PFE,NCT03461757,Pfizer,2018-10-08,COMPLETED
REGN,NCT05608291,Regeneron Pharmaceuticals,2026-07-27,ACTIVE_NOT_RECRUITING
REGN,NCT03257267,Regeneron Pharmaceuticals,2021-03-15,COMPLETED
REGN,NCT05989126,Regeneron Pharmaceuticals,2024-05-31,COMPLETED
REGN,NCT03304379,Regeneron Pharmaceuticals,2019-12-13,COMPLETED
REGN,NCT04981717,Regeneron Pharmaceuticals,2023-01-04,TERMINATED
REGN,NCT05352672,Regeneron Pharmaceuticals,2026-03-12,ACTIVE_NOT_RECRUITING
REGN,NCT02683239,Regeneron Pharmaceuticals,2020-12-01,COMPLETED
REGN,NCT03399786,Regeneron Pharmaceuticals,2019-06-10,COMPLETED
NBIX,NCT04102579,Neurocrine Biosciences,2021-10-15,COMPLETED
NBIX,NCT05063994,Neurocrine UK Limited,2024-02-02,COMPLETED
NBIX,NCT05110157,Neurocrine Biosciences,2025-02-04,COMPLETED
NBIX,NCT02405091,Neurocrine Biosciences,2017-03,COMPLETED
NBIX,NCT02716818,Neurocrine UK Limited,2018-07-28,COMPLETED
NBIX,NCT03532022,Neurocrine UK Limited,2018-10-17,WITHDRAWN
NBIX,NCT05206513,Neurocrine Biosciences,2025-10-16,COMPLETED
NBIX,NCT04490915,Neurocrine Biosciences,2023-07-19,ACTIVE_NOT_RECRUITING
NBIX,NCT03062280,Neurocrine UK Limited,2022-07-13,COMPLETED
NBIX,NCT04400331,Neurocrine Biosciences,2025-11-05,COMPLETED
NBIX,NCT04806451,Neurocrine Biosciences,2023-03-10,ACTIVE_NOT_RECRUITING
NBIX,NCT05654870,Neurocrine Biosciences,2023-11-08,TERMINATED
ESPR,NCT03067441,"Esperion Therapeutics, Inc.",2019-11-05,COMPLETED
ESPR,NCT03001076,"Esperion Therapeutics, Inc.",2018-01-11,COMPLETED
ESPR,NCT02988115,"Esperion Therapeutics, Inc.",2018-03-16,COMPLETED
ESPR,NCT03337308,"Esperion Therapeutics, Inc.",2018-06-18,COMPLETED
ESPR,NCT02991118,"Esperion Therapeutics, Inc.",2018-08-22,COMPLETED
ESPR,NCT02993406,"Esperion Therapeutics, Inc.",2022-11-07,COMPLETED
ESPR,NCT02666664,"Esperion Therapeutics, Inc.",2018-02-21,COMPLETED
RARE,NCT02960217,Ultragenyx Pharmaceutical Inc,2019-10-09,TERMINATED
RARE,NCT02736188,Ultragenyx Pharmaceutical Inc,2018-01-10,TERMINATED
RARE,NCT02432144,Ultragenyx Pharmaceutical Inc,2019-01-14,COMPLETED
RARE,NCT05125809,Ultragenyx Pharmaceutical Inc,2025-10-20,ACTIVE_NOT_RECRUITING
RARE,NCT06617429,Ultragenyx Pharmaceutical Inc,2026-07-10,ACTIVE_NOT_RECRUITING
RARE,NCT05139316,Ultragenyx Pharmaceutical Inc,2024-02-20,COMPLETED
RARE,NCT05768854,Ultragenyx Pharmaceutical Inc,2025-10-23,ACTIVE_NOT_RECRUITING
RARE,NCT02377921,Ultragenyx Pharmaceutical Inc,2017-06-09,COMPLETED
CHRS,NCT02486939,"Coherus Oncology, Inc.",2017-09,COMPLETED
INSM,NCT05649722,Insmed Incorporated,2026-04-01,COMPLETED
INSM,NCT04677569,Insmed Incorporated,2025-11-21,COMPLETED
INSM,NCT04677543,Insmed Incorporated,2023-05-09,COMPLETED
INSM,NCT04594369,Insmed Incorporated,2024-10-28,COMPLETED
INSM,NCT02628600,Insmed Incorporated,2018-10-17,COMPLETED
INSM,NCT02344004,Insmed Incorporated,2018-07-03,COMPLETED
INSM,NCT05649748,Insmed Incorporated,2026-12-31,ACTIVE_NOT_RECRUITING
ABBV,NCT02672852,AbbVie,2017-08-02,COMPLETED
ABBV,NCT05995340,AbbVie,2026-07-14,COMPLETED
ABBV,NCT05878067,AbbVie,2023-10-06,COMPLETED
ABBV,NCT02968173,AbbVie,2017-07-13,COMPLETED
ABBV,NCT02675426,AbbVie,2017-04-21,COMPLETED
ABBV,NCT02694523,AbbVie,2017-08,COMPLETED
ABBV,NCT02441283,AbbVie,2019-10-15,COMPLETED
ABBV,NCT02196701,AbbVie,2017-03-17,COMPLETED
ABBV,NCT04468984,AbbVie,2025-01-29,ACTIVE_NOT_RECRUITING
ABBV,NCT03653026,AbbVie,2021-01-14,COMPLETED
ABBV,NCT02756611,AbbVie,2019-04-10,COMPLETED
ABBV,NCT03104374,AbbVie,2019-07-23,COMPLETED
EXEL,NCT04446117,Exelixis,2024-04-19,ACTIVE_NOT_RECRUITING
EXEL,NCT05425940,Exelixis,2026-06-16,ACTIVE_NOT_RECRUITING
EXEL,NCT01908426,Exelixis,2017-10-16,COMPLETED
EXEL,NCT03690388,Exelixis,2020-08-19,ACTIVE_NOT_RECRUITING
ALNY,NCT04153149,Alnylam Pharmaceuticals,2024-05-08,ACTIVE_NOT_RECRUITING
ALNY,NCT03997383,Alnylam Pharmaceuticals,2022-06-20,COMPLETED
ALNY,NCT04152200,Alnylam Pharmaceuticals,2021-05-18,COMPLETED
ALNY,NCT03905694,Alnylam Pharmaceuticals,2020-06-29,COMPLETED
ALNY,NCT03759379,Alnylam Pharmaceuticals,2020-11-10,COMPLETED
ALNY,NCT03862807,Alnylam Pharmaceuticals,2020-10-06,COMPLETED
ALNY,NCT02510261,Alnylam Pharmaceuticals,2022-11-23,COMPLETED
ALNY,NCT02319005,Alnylam Pharmaceuticals,2017-03-30,COMPLETED
ALNY,NCT01960348,Alnylam Pharmaceuticals,2017-08,COMPLETED
ALNY,NCT03681184,Alnylam Pharmaceuticals,2019-11-05,COMPLETED
ALNY,NCT03338816,Alnylam Pharmaceuticals,2019-01-31,COMPLETED
AXSM,NCT05113745,"Axsome Therapeutics, Inc.",2024-11-15,COMPLETED
AXSM,NCT06736509,"Axsome Therapeutics, Inc.",2025-02-17,TERMINATED
AXSM,NCT04163185,"Axsome Therapeutics, Inc.",2020-03-16,COMPLETED
AXSM,NCT06360419,"Axsome Therapeutics, Inc.",2024-12-31,COMPLETED
AXSM,NCT05557409,"Axsome Therapeutics, Inc.",2024-11-21,COMPLETED
AXSM,NCT05972044,"Axsome Therapeutics, Inc.",2025-02-07,COMPLETED
AXSM,NCT06568367,"Axsome Therapeutics, Inc.",2026-12,RECRUITING
AXSM,NCT02741791,"Axsome Therapeutics, Inc.",2020-03-20,COMPLETED
AXSM,NCT06413433,"Axsome Therapeutics, Inc.",2026-12,RECRUITING
AXSM,NCT03226522,"Axsome Therapeutics, Inc.",2020-04-17,COMPLETED
AXSM,NCT05059223,"Axsome Therapeutics, Inc.",2024-03-15,COMPLETED
AXSM,NCT04019704,"Axsome Therapeutics, Inc.",2019-11-26,COMPLETED
AXSM,NCT04068051,"Axsome Therapeutics, Inc.",2020-09-22,COMPLETED
AXSM,NCT04947553,"Axsome Therapeutics, Inc.",2024-12-03,COMPLETED
AXSM,NCT05550207,"Axsome Therapeutics, Inc.",2024-11-27,COMPLETED
AXSM,NCT03896009,"Axsome Therapeutics, Inc.",2019-12-10,COMPLETED
AXSM,NCT02746068,"Axsome Therapeutics, Inc.",2020-12,UNKNOWN
AXSM,NCT02504008,"Axsome Therapeutics, Inc.",2019-01,UNKNOWN
AXSM,NCT04039022,"Axsome Therapeutics, Inc.",2020-10-23,COMPLETED
AXSM,NCT04797715,"Axsome Therapeutics, Inc.",2022-11-21,COMPLETED
MCRB,NCT03183141,"Seres Therapeutics, Inc.",2022-04-29,COMPLETED
MCRB,NCT03183128,"Seres Therapeutics, Inc.",2020-07-03,COMPLETED
IMUX,NCT02612428,"Vital Therapies, Inc.",2018-03,TERMINATED
AMPE,NCT03349645,Ampio Pharmaceuticals. Inc.,2018-10-04,TERMINATED
AMPE,NCT03988023,Ampio Pharmaceuticals. Inc.,2021-07-13,TERMINATED
AMPE,NCT03182686,Ampio Pharmaceuticals. Inc.,2017-12-07,COMPLETED
KALA,NCT02813265,"Kala Pharmaceuticals, Inc.",2017-10,COMPLETED
KALA,NCT02819284,"Kala Pharmaceuticals, Inc.",2017-09,COMPLETED
KALA,NCT02793817,"Kala Pharmaceuticals, Inc.",2017-03,COMPLETED
KALA,NCT03616899,"Kala Pharmaceuticals, Inc.",2020-02-05,COMPLETED
KALA,NCT03596723,"Kala Pharmaceuticals, Inc.",2018-09-28,TERMINATED
EVFM,NCT03243305,Evofem Inc.,2018-11-29,COMPLETED
EVFM,NCT04553068,Evofem Inc.,2022-07-28,COMPLETED
EVFM,NCT03107377,Evofem Inc.,2019-08-22,COMPLETED
MRK,NCT02532855,Merck Sharp & Dohme LLC,2017-10-10,COMPLETED
MRK,NCT03615326,Merck Sharp & Dohme LLC,2024-03-20,COMPLETED
MRK,NCT04865289,Merck Sharp & Dohme LLC,2023-10-02,COMPLETED
MRK,NCT01782131,Merck Sharp & Dohme LLC,2019-07-10,COMPLETED
MRK,NCT05393037,Merck Sharp & Dohme LLC,2023-07-13,COMPLETED
MRK,NCT05665595,Merck Sharp & Dohme LLC,2024-03-06,TERMINATED
CLSD,NCT02980874,"Clearside Biomedical, Inc.",2018-12-10,TERMINATED
CLSD,NCT03203447,"Clearside Biomedical, Inc.",2018-12-18,TERMINATED
CLSD,NCT03097315,"Clearside Biomedical, Inc.",2018-01-24,COMPLETED
CLSD,NCT02595398,"Clearside Biomedical, Inc.",2018-01-18,COMPLETED
ACRS,NCT03687372,"Aclaris Therapeutics, Inc.",2019-06-20,COMPLETED
ACRS,NCT03691831,"Aclaris Therapeutics, Inc.",2019-04-21,COMPLETED
ACRS,NCT03812510,"Aclaris Therapeutics, Inc.",2019-11-27,COMPLETED
CDTX,NCT03667690,"Cidara Therapeutics Inc., a subsidiary of Merck & Co., Inc. (Rahway, New Jersey USA)",2021-10-07,COMPLETED
IPIX,NCT00664456,"Translational Research Center for Medical Innovation, Kobe, Hyogo, Japan",2022-04-24,COMPLETED
SLS,NCT04229979,Sellas Life Sciences Group,2025-12,ACTIVE_NOT_RECRUITING
BIIB,NCT04476030,Biogen,2021-10-25,COMPLETED
BIIB,NCT03771664,Biogen,2019-12-20,TERMINATED
BIIB,NCT05083923,Biogen,2024-09-11,COMPLETED
BIIB,NCT02292537,Biogen,2017-02-20,COMPLETED
BIIB,NCT05418673,Biogen,2023-07-27,TERMINATED
BIIB,NCT02594124,Biogen,2023-08-21,COMPLETED
BIIB,NCT03749447,Biogen,2023-08-23,TERMINATED
ACET,NCT04668352,Restorbio Inc.,2019-12-02,COMPLETED
ACET,NCT04139915,Restorbio Inc.,2019-11-15,WITHDRAWN
INCY,NCT06516965,Incyte Corporation,2026-10-19,ACTIVE_NOT_RECRUITING
INCY,NCT05219864,Incyte Corporation,2024-04-25,WITHDRAWN
INCY,NCT02752074,Incyte Corporation,2018-01-08,COMPLETED
INCY,NCT03745651,Incyte Corporation,2019-11-18,COMPLETED
INCY,NCT05073458,Incyte Corporation,2023-10-17,TERMINATED
INCY,NCT05456529,Incyte Corporation,2024-05-17,COMPLETED
INCY,NCT05764161,Incyte Corporation,2024-12-30,COMPLETED
UTHR,NCT05255991,United Therapeutics,2025-06-30,COMPLETED
UTHR,NCT03043651,United Therapeutics,2020-03-02,TERMINATED
RYTM,NCT06596135,"Rhythm Pharmaceuticals, Inc.",2026-06-24,COMPLETED
RYTM,NCT02896192,"Rhythm Pharmaceuticals, Inc.",2020-05-25,COMPLETED
AQST,NCT03428360,Aquestive Therapeutics,2020-06-25,COMPLETED
BTAI,NCT05658510,BioXcel Therapeutics Inc,2025-08-15,COMPLETED
BTAI,NCT05271552,BioXcel Therapeutics Inc,2023-04-21,COMPLETED
BTAI,NCT04268303,BioXcel Therapeutics Inc,2020-05-06,COMPLETED
BTAI,NCT04276883,BioXcel Therapeutics Inc,2020-05-21,COMPLETED
BTAI,NCT05665088,BioXcel Therapeutics Inc,2023-09-11,TERMINATED
ALKS,NCT03201757,"Alkermes, Inc.",2023-09-06,COMPLETED
ALKS,NCT03188185,"Alkermes, Inc.",2020-02-26,COMPLETED
ALKS,NCT03345979,"Alkermes, Inc.",2019-03-12,COMPLETED
ALKS,NCT03187769,"Alkermes, Inc.",2021-12-01,COMPLETED
ALKS,NCT03610048,"Alkermes, Inc.",2020-05-01,TERMINATED
ALKS,NCT02141399,"Alkermes, Inc.",2017-11-20,COMPLETED
ALKS,NCT02696434,"Alkermes, Inc.",2017-11,COMPLETED
ALKS,NCT02873208,"Alkermes, Inc.",2019-10-17,COMPLETED
ALKS,NCT02669758,"Alkermes, Inc.",2018-06-29,COMPLETED
ALKS,NCT05303064,"Alkermes, Inc.",2026-09,RECRUITING
ALKS,NCT02634346,"Alkermes, Inc.",2017-05-25,COMPLETED
VRCA,NCT03377790,Verrica Pharmaceuticals Inc.,2018-11-26,COMPLETED
VRCA,NCT03377803,Verrica Pharmaceuticals Inc.,2018-09-26,COMPLETED
CFRXQ,NCT04160468,ContraFect,2022-09-09,TERMINATED
URGN,NCT05243550,UroGen Pharma Ltd.,2023-04-26,ACTIVE_NOT_RECRUITING
URGN,NCT02793128,UroGen Pharma Ltd.,2019-04-05,COMPLETED
URGN,NCT04688931,UroGen Pharma Ltd.,2023-03-17,TERMINATED
URGN,NCT05136898,UroGen Pharma Ltd.,2023-02-02,COMPLETED
URGN,NCT06331299,UroGen Pharma Ltd.,2025-09-11,ACTIVE_NOT_RECRUITING
URGN,NCT04006691,UroGen Pharma Ltd.,2020-03-31,WITHDRAWN
SCYX,NCT05178862,"Scynexis, Inc.",2025-11-07,TERMINATED
SCYX,NCT03363841,"Scynexis, Inc.",2023-04-14,COMPLETED
SCYX,NCT04029116,"Scynexis, Inc.",2021-09-01,COMPLETED
SCYX,NCT05399641,"Scynexis, Inc.",2023-05-16,COMPLETED
SCYX,NCT03059992,"Scynexis, Inc.",2023-08-25,COMPLETED
SCYX,NCT03987620,"Scynexis, Inc.",2020-03-29,COMPLETED
SCYX,NCT03734991,"Scynexis, Inc.",2019-08-21,COMPLETED
LXRX,NCT03332771,Lexicon Pharmaceuticals,2019-08-06,COMPLETED
LXRX,NCT03351478,Lexicon Pharmaceuticals,2019-05-16,COMPLETED
LXRX,NCT03242252,Lexicon Pharmaceuticals,2019-03-25,COMPLETED
LXRX,NCT03066830,Lexicon Pharmaceuticals,2019-04-17,COMPLETED
LXRX,NCT02926937,Lexicon Pharmaceuticals,2019-04-22,COMPLETED
LXRX,NCT03386344,Lexicon Pharmaceuticals,2019-05-22,TERMINATED
LXRX,NCT03521934,Lexicon Pharmaceuticals,2020-06-05,TERMINATED
LXRX,NCT02926950,Lexicon Pharmaceuticals,2019-02-26,COMPLETED
LXRX,NCT02026063,Lexicon Pharmaceuticals,2018-09-12,COMPLETED
LXRX,NCT03242018,Lexicon Pharmaceuticals,2019-05-16,COMPLETED
LXRX,NCT03285594,Lexicon Pharmaceuticals,2019-09-17,COMPLETED
LXRX,NCT03315143,Lexicon Pharmaceuticals,2020-07-08,TERMINATED
LXRX,NCT02531035,Lexicon Pharmaceuticals,2017-04,COMPLETED
LXRX,NCT06481891,Lexicon Pharmaceuticals,2026-07,ACTIVE_NOT_RECRUITING
PRTA,NCT02312206,Prothena Biosciences Ltd.,2018-05,TERMINATED
PRTA,NCT04973137,Prothena Biosciences Ltd.,2025-04-02,TERMINATED
VTGN,NCT04754802,"VistaGen Therapeutics, Inc.",2022-06-22,COMPLETED
VTGN,NCT05011396,"VistaGen Therapeutics, Inc.",2022-08-16,TERMINATED
VTGN,NCT06358651,"VistaGen Therapeutics, Inc.",2025-10-31,ACTIVE_NOT_RECRUITING
VTGN,NCT05030350,"VistaGen Therapeutics, Inc.",2022-09-23,TERMINATED
VTGN,NCT06615557,"VistaGen Therapeutics, Inc.",2026-04-21,ACTIVE_NOT_RECRUITING
TBPH,NCT05696717,Theravance Biopharma,2026-01,ACTIVE_NOT_RECRUITING
TBPH,NCT03920254,Theravance Biopharma,2021-10-27,TERMINATED
TBPH,NCT03750552,Theravance Biopharma,2021-07-21,COMPLETED
TBPH,NCT03829657,Theravance Biopharma,2021-11-10,TERMINATED
TBPH,NCT03758443,Theravance Biopharma,2021-10-20,TERMINATED
TBPH,NCT04095793,Theravance Biopharma,2021-11-12,TERMINATED
EGRX,NCT03600376,"Eagle Pharmaceuticals, Inc.",2019-08-14,COMPLETED
AGIO,NCT03559699,"Agios Pharmaceuticals, Inc.",2020-11-12,COMPLETED
AGIO,NCT05175105,"Agios Pharmaceuticals, Inc.",2024-12-13,ACTIVE_NOT_RECRUITING
AGIO,NCT04770779,"Agios Pharmaceuticals, Inc.",2024-04-11,ACTIVE_NOT_RECRUITING
AGIO,NCT03548220,"Agios Pharmaceuticals, Inc.",2020-10-09,COMPLETED
AGIO,NCT03853798,"Agios Pharmaceuticals, Inc.",2024-07-03,COMPLETED
AGIO,NCT05144256,"Agios Pharmaceuticals, Inc.",2024-05-03,ACTIVE_NOT_RECRUITING
AGIO,NCT05031780,"Agios Pharmaceuticals, Inc.",2025-10-30,ACTIVE_NOT_RECRUITING
AGIO,NCT04770753,"Agios Pharmaceuticals, Inc.",2023-11-13,ACTIVE_NOT_RECRUITING
SVRA,NCT04544293,Savara Inc.,2023-11-30,ACTIVE_NOT_RECRUITING
SVRA,NCT03181932,Savara Inc.,2020-07-28,COMPLETED
SVRA,NCT03482752,Savara Inc.,2021-01-14,TERMINATED
ITCI,NCT04959032,"Intra-Cellular Therapies, Inc.",2024-07-25,COMPLETED
ITCI,NCT04285515,"Intra-Cellular Therapies, Inc.",2022-11-30,COMPLETED
ITCI,NCT02600494,"Intra-Cellular Therapies, Inc.",2019-01-28,COMPLETED
ITCI,NCT06462586,"Intra-Cellular Therapies, Inc.",2026-02-24,COMPLETED
ITCI,NCT04985942,"Intra-Cellular Therapies, Inc.",2024-02-22,COMPLETED
ITCI,NCT05061719,"Intra-Cellular Therapies, Inc.",2024-10-14,COMPLETED
ITCI,NCT03249376,"Intra-Cellular Therapies, Inc.",2019-03-01,COMPLETED
ITCI,NCT06462612,"Intra-Cellular Therapies, Inc.",2026-05-15,COMPLETED
ITCI,NCT02817906,"Intra-Cellular Therapies, Inc.",2019-01-30,TERMINATED
ITCI,NCT02600507,"Intra-Cellular Therapies, Inc.",2020-07-02,COMPLETED
ITCI,NCT05061706,"Intra-Cellular Therapies, Inc.",2024-04-12,COMPLETED
VTVT,NCT02080364,vTv Therapeutics,2018-06-01,TERMINATED
VTVT,NCT02916056,vTv Therapeutics,2018-06-01,TERMINATED
ARDS,NCT05331885,"Aridis Pharmaceuticals, Inc.",2024-07-08,TERMINATED
ARDS,NCT03816956,"Aridis Pharmaceuticals, Inc.",2022-10-28,COMPLETED
ACAD,NCT04531982,ACADIA Pharmaceuticals Inc.,2024-01-25,COMPLETED
ACAD,NCT05555615,ACADIA Pharmaceuticals Inc.,2025-02-14,TERMINATED
ACAD,NCT06420297,ACADIA Pharmaceuticals Inc.,2025-12-19,TERMINATED
ACAD,NCT04279314,ACADIA Pharmaceuticals Inc.,2022-08-19,COMPLETED
ACAD,NCT02970292,ACADIA Pharmaceuticals Inc.,2019-05-28,COMPLETED
ACAD,NCT04776746,ACADIA Pharmaceuticals Inc.,2023-06-30,TERMINATED
ACAD,NCT03121586,ACADIA Pharmaceuticals Inc.,2024-04-30,TERMINATED
ACAD,NCT04181723,ACADIA Pharmaceuticals Inc.,2021-10-28,COMPLETED
ACAD,NCT03325556,ACADIA Pharmaceuticals Inc.,2019-07-31,COMPLETED
ACAD,NCT03575052,ACADIA Pharmaceuticals Inc.,2022-05-06,COMPLETED
ACAD,NCT06173531,ACADIA Pharmaceuticals Inc.,2025-10,ACTIVE_NOT_RECRUITING
ACAD,NCT03623321,ACADIA Pharmaceuticals Inc.,2023-05-05,COMPLETED
ACAD,NCT00550238,ACADIA Pharmaceuticals Inc.,2018-05-30,COMPLETED
ACAD,NCT04000009,ACADIA Pharmaceuticals Inc.,2021-02-22,TERMINATED
ACAD,NCT05523895,ACADIA Pharmaceuticals Inc.,2024-09-27,COMPLETED
ACAD,NCT03968159,ACADIA Pharmaceuticals Inc.,2020-04-30,COMPLETED
ACAD,NCT04988867,ACADIA Pharmaceuticals Inc.,2023-05-31,TERMINATED
CPRX,NCT02562066,"Catalyst Pharmaceuticals, Inc.",2019-08,COMPLETED
CPRX,NCT04489537,Catalyst Biosciences,2021-11-15,TERMINATED
CPRX,NCT03579966,"Catalyst Pharmaceuticals, Inc.",2022-08-05,TERMINATED
CPRX,NCT03304054,"Catalyst Pharmaceuticals, Inc.",2020-01-31,COMPLETED
CPRX,NCT02970162,"Catalyst Pharmaceuticals, Inc.",2017-10,COMPLETED
OPK,NCT03874013,"OPKO Health, Inc.",2020-03-06,COMPLETED
OPK,NCT02968004,"OPKO Health, Inc.",2019-08,COMPLETED
OPK,NCT05543928,"OPKO Health, Inc.",2024-06-19,TERMINATED
GLYC,NCT03616470,GlycoMimetics Incorporated,2024-03-31,TERMINATED
GLYC,NCT02433158,GlycoMimetics Incorporated,2019-11-15,TERMINATED
AKBA,NCT04313153,Akebia Therapeutics,2021-11-26,COMPLETED
AKBA,NCT02892149,Akebia Therapeutics,2020-01-16,COMPLETED
AKBA,NCT02865850,Akebia Therapeutics,2020-01-31,COMPLETED
AKBA,NCT04707768,Akebia Therapeutics,2023-01-06,COMPLETED
AKBA,NCT02648347,Akebia Therapeutics,2020-06-04,COMPLETED
AKBA,NCT05082584,Akebia Therapeutics,2026-07,WITHDRAWN
AKBA,NCT05082571,Akebia Therapeutics,2026-07,WITHDRAWN
AKBA,NCT06901505,Akebia Therapeutics,2026-08,ACTIVE_NOT_RECRUITING
AKBA,NCT02680574,Akebia Therapeutics,2020-06-18,COMPLETED
AKBA,NCT03242967,Akebia Therapeutics,2018-02-12,WITHDRAWN
CARA,NCT02858726,"Cara Therapeutics, Inc.",2017-03-14,COMPLETED
CARA,NCT03422653,"Cara Therapeutics, Inc.",2019-04-06,COMPLETED
CARA,NCT03998163,"Cara Therapeutics, Inc.",2020-02-26,COMPLETED
CARA,NCT05978063,"Cara Therapeutics, Inc.",2024-04-22,TERMINATED
CARA,NCT05387707,"Cara Therapeutics, Inc.",2024-02-02,TERMINATED
CARA,NCT03636269,"Cara Therapeutics, Inc.",2020-03-30,COMPLETED
CARA,NCT02542384,"Cara Therapeutics, Inc.",2018-04,COMPLETED
CARA,NCT05356403,"Cara Therapeutics, Inc.",2024-02-26,TERMINATED
CARA,NCT03281538,"Cara Therapeutics, Inc.",2020-02-11,COMPLETED
CARA,NCT05342623,"Cara Therapeutics, Inc.",2024-02-29,TERMINATED
SAGE,NCT05366751,Sage Therapeutics,2024-09-10,TERMINATED
SAGE,NCT04537806,Sage Therapeutics,2021-07-01,TERMINATED
OTLC,NCT01701349,Mateon Therapeutics,2017-04,WITHDRAWN
OTLC,NCT02641639,Mateon Therapeutics,2017-10,TERMINATED
BCRX,NCT05453968,BioCryst Pharmaceuticals,2024-09-11,ACTIVE_NOT_RECRUITING
BCRX,NCT03485911,BioCryst Pharmaceuticals,2019-04-10,COMPLETED
BCRX,NCT02635724,BioCryst Pharmaceuticals,2018-04,COMPLETED
BCRX,NCT02369159,BioCryst Pharmaceuticals,2019-10-28,COMPLETED
BCRX,NCT03873116,BioCryst Pharmaceuticals,2021-07-08,COMPLETED
BCRX,NCT03472040,BioCryst Pharmaceuticals,2022-04-27,COMPLETED
ALLK,NCT04620811,Allakos Inc.,2023-05-15,COMPLETED
ALLK,NCT04856891,Allakos Inc.,2022-06-14,COMPLETED
ALLK,NCT04322708,Allakos Inc.,2021-06-04,COMPLETED
ALLK,NCT04322604,Allakos Inc.,2021-11-29,COMPLETED
ALLK,NCT05152563,Allakos Inc.,2022-01-20,WITHDRAWN
VNDA,NCT07446439,Vanda Pharmaceuticals,2026-12-01,RECRUITING
VNDA,NCT02231008,Vanda Pharmaceuticals,2018-11-19,COMPLETED
VNDA,NCT03568331,Vanda Pharmaceuticals,2019-12-27,COMPLETED
VNDA,NCT04140695,Vanda Pharmaceuticals,2020-10-14,TERMINATED
VNDA,NCT05903924,Vanda Pharmaceuticals,2024-04-06,COMPLETED
VNDA,NCT06701396,Vanda Pharmaceuticals,2025-06-30,RECRUITING
VNDA,NCT04652882,Vanda Pharmaceuticals,2026-09,ACTIVE_NOT_RECRUITING
VNDA,NCT04819776,Vanda Pharmaceuticals,2022-09-07,COMPLETED
VNDA,NCT03373201,Vanda Pharmaceuticals,2018-03-05,COMPLETED
VNDA,NCT01218789,Vanda Pharmaceuticals,2024-12-05,UNKNOWN
VNDA,NCT06836557,Vanda Pharmaceuticals,2025-12,RECRUITING
VNDA,NCT07221578,Vanda Pharmaceuticals,2026-12,ACTIVE_NOT_RECRUITING
VNDA,NCT04327661,Vanda Pharmaceuticals,2023-04-01,COMPLETED
VNDA,NCT05352893,Vanda Pharmaceuticals,2023-08-17,COMPLETED
VNDA,NCT05361707,Vanda Pharmaceuticals,2025-07,UNKNOWN
VNDA,NCT04326426,Vanda Pharmaceuticals,2020-08-01,ENROLLING_BY_INVITATION
VNDA,NCT04028492,Vanda Pharmaceuticals,2025-02-21,COMPLETED
VNDA,NCT05366855,Vanda Pharmaceuticals,2024-07-12,TERMINATED
KPTI,NCT03110562,Karyopharm Therapeutics Inc,2020-02-18,COMPLETED
KPTI,NCT03555422,Karyopharm Therapeutics Inc,2022-01-22,COMPLETED
KPTI,NCT05611931,Karyopharm Therapeutics Inc,2026-08,ACTIVE_NOT_RECRUITING
KPTI,NCT04442022,Karyopharm Therapeutics Inc,2026-12,ACTIVE_NOT_RECRUITING
KPTI,NCT04562389,Karyopharm Therapeutics Inc,2026-02-20,ACTIVE_NOT_RECRUITING
KPTI,NCT02606461,Karyopharm Therapeutics Inc,2020-10-28,COMPLETED
PTCT,NCT01557400,PTC Therapeutics,2018-01-19,COMPLETED
PTCT,NCT03179631,PTC Therapeutics,2022-03-05,COMPLETED
PTCT,NCT02456103,PTC Therapeutics,2017-06-02,TERMINATED
PTCT,NCT05099640,PTC Therapeutics,2023-04-03,COMPLETED
PTCT,NCT02107859,PTC Therapeutics,2017-06-05,TERMINATED
PTCT,NCT04378075,PTC Therapeutics,2023-03-18,TERMINATED
PTCT,NCT02090959,PTC Therapeutics,2018-06-12,TERMINATED
PTCT,NCT03642145,PTC Therapeutics,2021-07-31,WITHDRAWN
PTCT,NCT05166161,PTC Therapeutics,2026-06-30,ACTIVE_NOT_RECRUITING
PTCT,NCT05218655,PTC Therapeutics,2025-04-15,COMPLETED
PTCT,NCT01247207,PTC Therapeutics,2026-02-10,COMPLETED
PTCT,NCT04439071,PTC Therapeutics,2022-07-20,TERMINATED
PTCT,NCT05269355,PTC Therapeutics,2024-06-17,TERMINATED
PTCT,NCT04577352,PTC Therapeutics,2023-04-04,COMPLETED
PTCT,NCT03783923,PTC Therapeutics,2021-01-01,TERMINATED
KALV,NCT05259917,"KalVista Pharmaceuticals, Ltd.",2023-12-31,COMPLETED
KALV,NCT05511922,"KalVista Pharmaceuticals, Ltd.",2026-05-27,COMPLETED
KALV,NCT05505916,"KalVista Pharmaceuticals, Ltd.",2026-05-27,COMPLETED
KALV,NCT06467084,"KalVista Pharmaceuticals, Ltd.",2026-01-15,COMPLETED
APLT,NCT04853927,"Applied Biology, Inc.",2021-10-30,WITHDRAWN
APLT,NCT05397665,"Applied Therapeutics, Inc.",2024-10-12,COMPLETED
AVDL,NCT04451668,Avadel,2023-12-22,COMPLETED
AVDL,NCT02720744,Avadel,2020-03-25,COMPLETED
AVDL,NCT06525077,Avadel,2026-03-25,COMPLETED
BPMC,NCT03465722,Blueprint Medicines Corporation,2020-03-09,COMPLETED
BHC,NCT04083651,"Bausch Health Americas, Inc.",2023-10-15,WITHDRAWN
BHC,NCT03058783,"Bausch Health Americas, Inc.",2020-05-12,COMPLETED
BHC,NCT02514577,"Bausch Health Americas, Inc.",2017-05-01,COMPLETED
BHC,NCT03168334,"Bausch Health Americas, Inc.",2018-07-24,COMPLETED
BHC,NCT03664752,"Bausch Health Americas, Inc.",2020-05-07,COMPLETED
BHC,NCT02240108,"Bausch Health Americas, Inc.",2017-10-06,TERMINATED
SAVA,NCT05575076,"Cassava Sciences, Inc.",2025-01-31,TERMINATED
SAVA,NCT05026177,"Cassava Sciences, Inc.",2024-12-30,TERMINATED
SAVA,NCT04994483,"Cassava Sciences, Inc.",2024-10-02,COMPLETED
DRRX,NCT02574520,Durect,2017-06,COMPLETED
ITRM,NCT03357614,"Iterum Therapeutics, International Limited",2019-12-14,COMPLETED
ITRM,NCT05026801,"Iterum Therapeutics, International Limited",2021-08-26,WITHDRAWN
ITRM,NCT05584657,"Iterum Therapeutics, International Limited",2023-11-03,COMPLETED
ITRM,NCT03354598,"Iterum Therapeutics, International Limited",2020-01-16,COMPLETED
ITRM,NCT03358576,"Iterum Therapeutics, International Limited",2019-10-02,COMPLETED
GILD,NCT02836249,Gilead Sciences,2017-03-21,COMPLETED
GILD,NCT03602560,Gilead Sciences,2020-02-16,COMPLETED
GILD,NCT02603107,Gilead Sciences,2017-05-15,COMPLETED
GILD,NCT03074331,Gilead Sciences,2018-02-07,COMPLETED
GILD,NCT04150068,Gilead Sciences,2020-10-05,ACTIVE_NOT_RECRUITING
GILD,NCT04620733,Gilead Sciences,2023-08-11,COMPLETED
GILD,NCT04639986,Gilead Sciences,2026-12,ACTIVE_NOT_RECRUITING
GILD,NCT03391466,"Kite, A Gilead Company",2021-03-18,COMPLETED
GILD,NCT02469246,Gilead Sciences,2017-12-11,COMPLETED
IMVT,NCT05517421,Immunovant Sciences GmbH,2025-11-02,COMPLETED
IMVT,NCT05524571,Immunovant Sciences GmbH,2026-02-03,COMPLETED
IMVT,NCT05517447,Immunovant Sciences GmbH,2026-04-02,TERMINATED
IMVT,NCT05403541,Immunovant Sciences GmbH,2025-01-10,ACTIVE_NOT_RECRUITING
SPRO,NCT03788967,Spero Therapeutics,2020-05-20,COMPLETED
SPRO,NCT06059846,Spero Therapeutics,2025-01-27,COMPLETED
ETNB,NCT05852431,"89bio, Inc.",2025-07-07,COMPLETED
SMMT,NCT03595553,Summit Therapeutics,2021-11-17,COMPLETED
SMMT,NCT04802837,Summit Therapeutics,2021-09-17,TERMINATED
SMMT,NCT06396065,Summit Therapeutics,2025-04-12,ACTIVE_NOT_RECRUITING
ARQT,NCT04211389,"Arcutis Biotherapeutics, Inc.",2020-11-23,COMPLETED
ARQT,NCT04804605,"Arcutis Biotherapeutics, Inc.",2024-05-28,COMPLETED
ARQT,NCT05028582,"Arcutis Biotherapeutics, Inc.",2022-06-03,COMPLETED
ARQT,NCT04845620,"Arcutis Biotherapeutics, Inc.",2023-06-01,COMPLETED
ARQT,NCT04773587,"Arcutis Biotherapeutics, Inc.",2022-08-30,COMPLETED
ARQT,NCT04973228,"Arcutis Biotherapeutics, Inc.",2022-04-06,COMPLETED
ARQT,NCT04286607,"Arcutis Biotherapeutics, Inc.",2024-01-22,COMPLETED
ARQT,NCT04211363,"Arcutis Biotherapeutics, Inc.",2020-11-16,COMPLETED
ARQT,NCT04773600,"Arcutis Biotherapeutics, Inc.",2022-09-29,COMPLETED
RVNC,NCT03014622,"Revance Therapeutics, Inc.",2017-11-14,COMPLETED
RVNC,NCT03014635,"Revance Therapeutics, Inc.",2017-11-03,COMPLETED
RVNC,NCT03608397,"Revance Therapeutics, Inc.",2019-12-03,COMPLETED
RVNC,NCT03004248,"Revance Therapeutics, Inc.",2018-10-17,COMPLETED
RVNC,NCT03617367,"Revance Therapeutics, Inc.",2021-05-25,COMPLETED
TENX,NCT05983250,"Tenax Therapeutics, Inc.",2026-06-30,ACTIVE_NOT_RECRUITING
ACHV,NCT06435221,Achieve Life Sciences,2025-09-29,COMPLETED
ACHV,NCT05206370,Achieve Life Sciences,2023-03-21,COMPLETED
ACHV,NCT07392125,Achieve Life Sciences,2026-11-15,NOT_YET_RECRUITING
ACHV,NCT04576949,Achieve Life Sciences,2021-12-23,COMPLETED
CRNX,NCT05192382,Crinetics Pharmaceuticals Inc.,2024-01-20,TERMINATED
CRNX,NCT04837040,Crinetics Pharmaceuticals Inc.,2023-07-10,TERMINATED
CYTK,NCT05767346,Cytokinetics,2025-02-28,COMPLETED
CYTK,NCT03759392,Cytokinetics,2021-11-08,COMPLETED
CYTK,NCT06081894,Cytokinetics,2026-08,ACTIVE_NOT_RECRUITING
CYTK,NCT04944784,Cytokinetics,2023-07-18,TERMINATED
CYTK,NCT04464525,Cytokinetics,2026-11-27,WITHDRAWN
CYTK,NCT05186818,Cytokinetics,2023-11-10,COMPLETED
CYTK,NCT05442775,Cytokinetics,2023-06-07,TERMINATED
CYTK,NCT02929329,Cytokinetics,2020-09-14,COMPLETED
CYTK,NCT02496767,Cytokinetics,2017-03-09,COMPLETED
CYTK,NCT02936635,Cytokinetics,2018-10-26,COMPLETED
ATYR,NCT05415137,"aTyr Pharma, Inc.",2025-06-25,COMPLETED
LPCN,NCT03868059,Lipocine Inc.,2019-02-19,COMPLETED
LPCN,NCT03242408,Lipocine Inc.,2017-05,COMPLETED
LPCN,NCT06979544,Lipocine Inc.,2026-01-16,COMPLETED
LPCN,NCT03242590,Lipocine Inc.,2017-03,COMPLETED
ZLAB,NCT06162286,"Zai Lab (Hong Kong), Ltd.",2025-01-01,UNKNOWN
ZLAB,NCT03709316,"Zai Lab (Shanghai) Co., Ltd.",2022-01-29,UNKNOWN
ZLAB,NCT03516084,"Zai Lab (Shanghai) Co., Ltd.",2020-02-21,TERMINATED
ZLAB,NCT03705156,"Zai Lab (Shanghai) Co., Ltd.",2020-02-01,UNKNOWN
IBRX,NCT03520686,"ImmunityBio, Inc.",2025-10-13,TERMINATED
IBRX,NCT02049905,"ImmunityBio, Inc.",2017-05,COMPLETED
IBRX,NCT03022825,"ImmunityBio, Inc.",2024-10-01,ACTIVE_NOT_RECRUITING
IBRX,NCT06022224,"ImmunityBio, Inc.",2022-06-23,TERMINATED
OCUP,NCT07140783,"Ocuphire Pharma, Inc.",2026-06,ACTIVE_NOT_RECRUITING
OCUP,NCT05134974,"Ocuphire Pharma, Inc.",2022-03-18,COMPLETED
OCUP,NCT06542497,"Ocuphire Pharma, Inc.",2025-04-03,COMPLETED
OCUP,NCT06349759,"Ocuphire Pharma, Inc.",2025-04-17,COMPLETED
OCUP,NCT05646719,"Ocuphire Pharma, Inc.",2023-10-11,COMPLETED
OCUP,NCT04638660,"Ocuphire Pharma, Inc.",2022-05-19,COMPLETED
OCUP,NCT05223478,"Ocuphire Pharma, Inc.",2022-04-18,COMPLETED
OCUP,NCT04620213,"Ocuphire Pharma, Inc.",2020-12-23,COMPLETED
BIVI,NCT04669028,BioVie Inc.,2023-09-30,COMPLETED
RZLT,NCT06208215,Rezolute,2025-11-14,ACTIVE_NOT_RECRUITING
APRE,NCT03745716,Aprea Therapeutics,2020-11-27,COMPLETED
OTLK,NCT06190093,"Outlook Therapeutics, Inc.",2024-11-07,COMPLETED
OTLK,NCT03844074,"Outlook Therapeutics, Inc.",2020-07-23,COMPLETED
OTLK,NCT04516278,"Outlook Therapeutics, Inc.",2021-02-10,COMPLETED
OTLK,NCT03834753,"Outlook Therapeutics, Inc.",2021-06-07,COMPLETED
EYEN,NCT04657172,Eyenovia Inc.,2021-03-26,COMPLETED
EYEN,NCT03751631,Eyenovia Inc.,2019-01-11,COMPLETED
EYEN,NCT03942419,Eyenovia Inc.,2024-10-31,TERMINATED
EYEN,NCT05114486,Eyenovia Inc.,2022-09-20,COMPLETED
EYEN,NCT03751098,Eyenovia Inc.,2019-01-21,COMPLETED
EQ,NCT05263999,Equillium,2025-04-22,TERMINATED
VRNA,NCT05321394,Azienda Ospedaliera Universitaria Integrata Verona,2023-10-29,COMPLETED
VRNA,NCT05205759,Azienda Ospedaliera Universitaria Integrata Verona,2022-02-05,TERMINATED
VRNA,NCT04808895,Azienda Ospedaliera Universitaria Integrata Verona,2021-07-01,UNKNOWN
XENE,NCT04639310,Xenon Pharmaceuticals Inc.,2023-05-16,TERMINATED
XENE,NCT04912856,Xenon Pharmaceuticals Inc.,2023-11-17,TERMINATED
XENE,NCT05716100,Xenon Pharmaceuticals Inc.,2026-10,RECRUITING
XENE,NCT06775379,Xenon Pharmaceuticals Inc.,2026-08,RECRUITING
XENE,NCT05614063,Xenon Pharmaceuticals Inc.,2026-01-12,COMPLETED
GRTX,NCT03689712,"Galera Therapeutics, Inc.",2021-08-13,COMPLETED
MGNX,NCT04129320,MacroGenics,2020-10,WITHDRAWN
MGNX,NCT02492711,MacroGenics,2021-08-11,COMPLETED
MGNX,NCT04082364,MacroGenics,2024-01-15,COMPLETED
PRAX,NCT06999902,Praxis Precision Medicines,2026-05-14,COMPLETED
PRAX,NCT04832425,Praxis Precision Medicines,2022-05-05,COMPLETED
PRAX,NCT07019922,Praxis Precision Medicines,2026-12,RECRUITING
PRAX,NCT06087276,Praxis Precision Medicines,2025-10-10,ACTIVE_NOT_RECRUITING
PRAX,NCT07010471,Praxis Precision Medicines,2026-12,ACTIVE_NOT_RECRUITING
PRAX,NCT05818553,Praxis Precision Medicines,2025-11-12,ACTIVE_NOT_RECRUITING
PHAT,NCT05195528,"Phathom Pharmaceuticals, Inc.",2022-11-21,COMPLETED
PHAT,NCT04167670,"Phathom Pharmaceuticals, Inc.",2021-03-10,COMPLETED
PHAT,NCT04124926,"Phathom Pharmaceuticals, Inc.",2021-07-29,COMPLETED
FNCH,NCT05153499,Finch Research and Development LLC.,2023-02-24,TERMINATED
BBIO,NCT04882735,"Eidos Therapeutics, a BridgeBio company",2026-09,WITHDRAWN
BBIO,NCT04197986,"QED Therapeutics, a BridgeBio company",2023-02-28,TERMINATED
BBIO,NCT05680818,"Calcilytix Therapeutics, Inc., a BridgeBio company",2025-08-22,ACTIVE_NOT_RECRUITING
BBIO,NCT06164951,"QED Therapeutics, a BridgeBio company",2025-12-18,COMPLETED
BBIO,NCT03773302,"QED Therapeutics, a BridgeBio company",2023-03-02,TERMINATED
BBIO,NCT04418024,"Eidos Therapeutics, a BridgeBio company",2024-03-31,WITHDRAWN
BBIO,NCT03860935,"Eidos Therapeutics, a BridgeBio company",2023-05-11,COMPLETED
KRYS,NCT04917874,"Krystal Biotech, Inc.",2023-07-31,COMPLETED
KRYS,NCT04491604,"Krystal Biotech, Inc.",2021-10-29,COMPLETED
KRYS,NCT07016750,"Krystal Biotech, Inc.",2026-12,RECRUITING
AUPH,NCT03597464,Aurinia Pharmaceuticals Inc.,2021-10-07,COMPLETED
AUPH,NCT03021499,Aurinia Pharmaceuticals Inc.,2019-09-24,COMPLETED
AUPH,NCT04147650,Aurinia Pharmaceuticals Inc.,2020-09-17,COMPLETED
AUPH,NCT05288855,Aurinia Pharmaceuticals Inc.,2025-07-03,TERMINATED
AUPH,NCT05962788,Aurinia Pharmaceuticals Inc.,2025-07-04,TERMINATED
SRNE,NCT04044742,"Sorrento Therapeutics, Inc.",2023-03,WITHDRAWN
SRNE,NCT04386980,"Sorrento Therapeutics, Inc.",2022-06,WITHDRAWN
SRNE,NCT04037241,"Sorrento Therapeutics, Inc.",2022-01-01,WITHDRAWN
SRNE,NCT04572776,"Sorrento Therapeutics, Inc.",2023-03,WITHDRAWN
CKPT,NCT04786964,"Checkpoint Therapeutics, Inc.",2023-12-30,TERMINATED
AVIR,NCT05629962,"Atea Pharmaceuticals, Inc.",2024-04-25,COMPLETED
AVIR,NCT07037277,"Atea Pharmaceuticals, Inc.",2026-12,ACTIVE_NOT_RECRUITING
AVIR,NCT06868264,"Atea Pharmaceuticals, Inc.",2026-09,ACTIVE_NOT_RECRUITING
LIANY,NCT05629390,LianBio LLC,2023-09-15,COMPLETED
LIANY,NCT05174416,LianBio LLC,2023-03-06,COMPLETED
SYRE,NCT05676853,Aeglea Biotherapeutics,2023-04-27,TERMINATED
SYRE,NCT03921541,Aeglea Biotherapeutics,2023-01-27,COMPLETED
ARCT,NCT06279871,"Arcturus Therapeutics, Inc.",2024-10-09,COMPLETED
KOD,NCT04964089,Kodiak Sciences Inc,2023-03-28,COMPLETED
KOD,NCT06556368,Kodiak Sciences Inc,2026-08,ACTIVE_NOT_RECRUITING
KOD,NCT06270836,Kodiak Sciences Inc,2026-02-13,COMPLETED
KOD,NCT04592419,Kodiak Sciences Inc,2022-06-10,COMPLETED
KOD,NCT04603937,Kodiak Sciences Inc,2023-04-27,TERMINATED
KOD,NCT04611152,Kodiak Sciences Inc,2023-05-11,TERMINATED
KOD,NCT04049266,Kodiak Sciences Inc,2021-11-17,TERMINATED
KOD,NCT05066230,Kodiak Sciences Inc,2023-08-03,TERMINATED
HALO,NCT02715804,Halozyme Therapeutics,2019-11-04,TERMINATED
OPTN,NCT03960580,Optinose US Inc.,2022-05-04,COMPLETED
OPTN,NCT03747458,Optinose US Inc.,2026-03-31,ACTIVE_NOT_RECRUITING
OPTN,NCT03591068,Optinose US Inc.,2019-02-22,COMPLETED
OPTN,NCT03781804,Optinose US Inc.,2022-01-19,COMPLETED
VERU,NCT04869943,Veru Inc.,2024-01-09,TERMINATED
VERU,NCT04844749,Veru Inc.,2023-05-04,TERMINATED
VERU,NCT05065411,Veru Inc.,2023-10-19,TERMINATED
VERU,NCT04842747,Veru Inc.,2022-07-06,COMPLETED
ALDX,NCT04136366,"Aldeyra Therapeutics, Inc.",2022-06-14,COMPLETED
ALDX,NCT06424444,"Aldeyra Therapeutics, Inc.",2024-11-03,COMPLETED
ALDX,NCT05062330,"Aldeyra Therapeutics, Inc.",2022-03-04,COMPLETED
ALDX,NCT06389214,"Aldeyra Therapeutics, Inc.",2024-06-11,COMPLETED
ALDX,NCT07402876,"Aldeyra Therapeutics, Inc.",2026-12,RECRUITING
ALDX,NCT04207736,"Aldeyra Therapeutics, Inc.",2021-02-16,COMPLETED
ALDX,NCT06493604,"Aldeyra Therapeutics, Inc.",2025-02-27,COMPLETED
ALDX,NCT04674358,"Aldeyra Therapeutics, Inc.",2021-09-12,COMPLETED
ALDX,NCT03131154,"Aldeyra Therapeutics, Inc.",2019-04-19,COMPLETED
ALDX,NCT04735393,"Aldeyra Therapeutics, Inc.",2022-10-11,COMPLETED
ALDX,NCT05234554,"Aldeyra Therapeutics, Inc.",2023-04-22,COMPLETED
ALDX,NCT03445650,"Aldeyra Therapeutics, Inc.",2020-01-18,COMPLETED
ALDX,NCT03494504,"Aldeyra Therapeutics, Inc.",2018-11-05,COMPLETED
ALDX,NCT03879863,"Aldeyra Therapeutics, Inc.",2019-10-04,COMPLETED
YMAB,NCT03275402,Y-mAbs Therapeutics,2023-06-02,TERMINATED
SWTX,NCT03785964,"SpringWorks Therapeutics, Inc., a healthcare company of Merck KGaA, Darmstadt, Germany",2022-04-07,COMPLETED
TRVN,NCT02656875,Trevena Inc.,2017-05,COMPLETED
ADIL,NCT04101227,Adial Pharmaceuticals,2022-02-18,COMPLETED
AKRO,NCT06161571,"Akero Therapeutics, Inc",2026-03-03,ACTIVE_NOT_RECRUITING
DMKPQ,NCT04729595,Adamis Pharmaceuticals Corporation,2022-09-21,TERMINATED
DMKPQ,NCT03835871,Adamis Pharmaceuticals Corporation,2019-12,WITHDRAWN
DMKPQ,NCT03834012,Adamis Pharmaceuticals Corporation,2019-11,WITHDRAWN
MIST,NCT03464019,Milestone Pharmaceuticals Inc.,2023-01-20,TERMINATED
MIST,NCT04952610,Milestone Pharmaceuticals Inc.,2026-04-10,COMPLETED
MIST,NCT04072835,Milestone Pharmaceuticals Inc.,2023-01-26,COMPLETED
MIST,NCT03635996,Milestone Pharmaceuticals Inc.,2020-11-13,TERMINATED
MIRM,NCT04185363,"Mirum Pharmaceuticals, Inc.",2025-04-23,COMPLETED
MIRM,NCT07298330,"Mirum Pharmaceuticals, Inc.",2026-08,ACTIVE_NOT_RECRUITING
MIRM,NCT03353454,"Mirum Pharmaceuticals, Inc.",2020-06-15,WITHDRAWN
MIRM,NCT06553768,"Mirum Pharmaceuticals, Inc.",2026-10,ACTIVE_NOT_RECRUITING
MIRM,NCT03905330,"Mirum Pharmaceuticals, Inc.",2022-09-01,COMPLETED
MIRM,NCT04270682,"Mirum Pharmaceuticals, Inc.",2023-07-13,COMPLETED
CYDY,NCT02859961,"CytoDyn, Inc.",2020-09-16,COMPLETED
CYDY,NCT03902522,"CytoDyn, Inc.",2020-05-18,COMPLETED
CYDY,NCT05271370,"CytoDyn, Inc.",2022-06-20,TERMINATED
CYDY,NCT02483078,"CytoDyn, Inc.",2018-02,COMPLETED
CYDY,NCT02990858,"CytoDyn, Inc.",2022-06,TERMINATED
ATNM,NCT02665065,Actinium Pharmaceuticals,2022-06,ACTIVE_NOT_RECRUITING
ABEO,NCT05725018,"Abeona Therapeutics, Inc",2025-09-30,ACTIVE_NOT_RECRUITING
ABEO,NCT04227106,"Abeona Therapeutics, Inc",2022-10-18,COMPLETED
XERS,NCT02656069,Xeris Pharmaceuticals,2017-08-14,COMPLETED
XERS,NCT03738865,Xeris Pharmaceuticals,2019-03-29,COMPLETED
XERS,NCT03439072,Xeris Pharmaceuticals,2018-04-18,COMPLETED
XERS,NCT03091673,Xeris Pharmaceuticals,2017-09-07,COMPLETED
AVXL,NCT04314934,Anavex Life Sciences Corp.,2024-06-14,COMPLETED
AVXL,NCT03941444,Anavex Life Sciences Corp.,2021-09-30,COMPLETED
AVXL,NCT03790709,Anavex Life Sciences Corp.,2022-06-30,COMPLETED
AVXL,NCT04304482,Anavex Life Sciences Corp.,2023-06-01,COMPLETED
GOSS,NCT06274801,"Gossamer Bio USA, Inc.",2026-12,RECRUITING
VERA,NCT03166527,Vera Bril,2018-12-15,UNKNOWN
VERA,NCT04716231,"Vera Therapeutics, Inc.",2025-05-15,ACTIVE_NOT_RECRUITING
VERA,NCT05609812,"Vera Therapeutics, Inc.",2026-03-15,WITHDRAWN
ORMP,NCT04606576,"Oramed, Ltd.",2023-01-13,TERMINATED
ORMP,NCT04754334,"Oramed, Ltd.",2023-01-13,TERMINATED
MDGL,NCT04197479,"Madrigal Pharmaceuticals, Inc.",2023-01-06,COMPLETED
MDGL,NCT05500222,"Madrigal Pharmaceuticals, Inc.",2026-12,ACTIVE_NOT_RECRUITING
PTGX,NCT06033586,"Protagonist Therapeutics, Inc.",2026-04-01,ACTIVE_NOT_RECRUITING
PTGX,NCT05210790,"Protagonist Therapeutics, Inc.",2025-02-21,ACTIVE_NOT_RECRUITING
MLTX,NCT06768671,MoonLake Immunotherapeutics AG,2026-09-28,ACTIVE_NOT_RECRUITING
MLTX,NCT06411899,MoonLake Immunotherapeutics AG,2025-09-02,COMPLETED
MLTX,NCT06411379,MoonLake Immunotherapeutics AG,2025-08-14,COMPLETED
CGTX,NCT03053362,Brain and Cognition Discovery Foundation,2018-08-08,COMPLETED
JNJ,NCT03198000,Johnson & Johnson Consumer Inc. (J&JCI),2017-07-21,COMPLETED
MRSN,NCT05329545,Mersana Therapeutics,2023-09-29,TERMINATED
APLS,NCT04770545,"Apellis Pharmaceuticals, Inc.",2025-09-05,COMPLETED
APLS,NCT03531255,"Apellis Pharmaceuticals, Inc.",2025-09-04,COMPLETED
APLS,NCT04085601,"Apellis Pharmaceuticals, Inc.",2021-06-23,COMPLETED
APLS,NCT03525600,"Apellis Pharmaceuticals, Inc.",2021-06-21,COMPLETED
APLS,NCT03525613,"Apellis Pharmaceuticals, Inc.",2021-06-28,COMPLETED
APLS,NCT03500549,"Apellis Pharmaceuticals, Inc.",2019-11-14,COMPLETED
APLS,NCT05067127,"Apellis Pharmaceuticals, Inc.",2024-06-26,COMPLETED
APLS,NCT07214740,"Apellis Pharmaceuticals, Inc.",2025-12-12,COMPLETED
CAPR,NCT05126758,Capricor Inc.,2025-06-18,ACTIVE_NOT_RECRUITING
DERM,NCT05343455,Journey Medical Corporation,2023-06-30,COMPLETED
DERM,NCT05296629,Journey Medical Corporation,2023-06-30,COMPLETED
SGMT,NCT06692283,Sagimet Biosciences Inc.,2026-06,WITHDRAWN
NRBO,NCT04603924,NeuroBo Pharmaceuticals Inc.,2022-02-16,COMPLETED
CLDX,NCT06445023,Celldex Therapeutics,2026-10,ACTIVE_NOT_RECRUITING
CLDX,NCT06455202,Celldex Therapeutics,2026-10,ACTIVE_NOT_RECRUITING
EYPT,NCT06683742,"EyePoint Pharmaceuticals, Inc.",2026-10,ACTIVE_NOT_RECRUITING
EYPT,NCT02748512,"EyePoint Pharmaceuticals, Inc.",2017-08-17,COMPLETED
EYPT,NCT01694186,"EyePoint Pharmaceuticals, Inc.",2018-03-26,COMPLETED
EYPT,NCT06668064,"EyePoint Pharmaceuticals, Inc.",2026-08,ACTIVE_NOT_RECRUITING
EYPT,NCT02746991,"EyePoint Pharmaceuticals, Inc.",2019-10-04,COMPLETED
EYPT,NCT05550363,"EyePoint Pharmaceuticals, Inc.",2023-09,WITHDRAWN
EYPT,NCT05550350,"EyePoint Pharmaceuticals, Inc.",2023-09,WITHDRAWN
EYPT,NCT05070728,"EyePoint Pharmaceuticals, Inc.",2023-04-12,TERMINATED
TARS,NCT04784091,"Tarsus Pharmaceuticals, Inc.",2022-05-09,COMPLETED
TARS,NCT04475432,"Tarsus Pharmaceuticals, Inc.",2021-05-04,COMPLETED
IMNM,NCT04871282,"Immunome, Inc.",2025-12-03,ACTIVE_NOT_RECRUITING
HRMY,NCT05156047,"Harmony Biosciences Management, Inc.",2023-09-08,COMPLETED
HRMY,NCT06366464,"Harmony Biosciences Management, Inc.",2026-07,RECRUITING
HRMY,NCT05458128,"Harmony Biosciences Management, Inc.",2025-10-01,COMPLETED
IXHL,NCT06146101,Incannex Healthcare Ltd,2025-05-20,COMPLETED
AMLX,NCT04516096,Amylyx Pharmaceuticals Inc.,2022-12-30,COMPLETED
AMLX,NCT05619783,Amylyx Pharmaceuticals Inc.,2024-10-16,COMPLETED
AMLX,NCT06122662,Amylyx Pharmaceuticals Inc.,2025-09-30,COMPLETED
AMLX,NCT05021536,Amylyx Pharmaceuticals Inc.,2024-01-19,ACTIVE_NOT_RECRUITING
AMLX,NCT06747468,Amylyx Pharmaceuticals Inc.,2026-03,ACTIVE_NOT_RECRUITING
SLRN,NCT05905783,ACELYRIN Inc.,2024-07-24,TERMINATED
SLRN,NCT05623345,ACELYRIN Inc.,2023-11-30,TERMINATED
LENZ,NCT05728944,"LENZ Therapeutics, Inc",2023-12-14,COMPLETED
LENZ,NCT05656027,"LENZ Therapeutics, Inc",2023-12-15,COMPLETED
LENZ,NCT05753189,"LENZ Therapeutics, Inc",2024-02-09,COMPLETED
LNTH,NCT03571672,Lantheus Medical Imaging,2019-08-30,COMPLETED
LNTH,NCT05184088,Lantheus Germany GmbH,2026-04-21,COMPLETED
LNTH,NCT03719612,Lantheus Medical Imaging,2020-01-09,COMPLETED
ANNX,NCT07020819,"Annexon, Inc.",2026-12-31,RECRUITING
ANNX,NCT06510816,"Annexon, Inc.",2026-10-31,ACTIVE_NOT_RECRUITING
ANNX,NCT04701164,"Annexon, Inc.",2024-04-20,COMPLETED
AVTE,NCT05557942,Aerovate Therapeutics,2024-08-08,TERMINATED
AVTE,NCT05036135,Aerovate Therapeutics,2024-08-09,TERMINATED
HLVX,NCT05281094,HilleVax,2023-12-28,TERMINATED
HLVX,NCT05836012,HilleVax,2024-01-19,COMPLETED
CORT,NCT04308590,Corcept Therapeutics,2024-09-19,COMPLETED
CORT,NCT03697109,Corcept Therapeutics,2024-04-08,COMPLETED
CORT,NCT05257408,Corcept Therapeutics,2025-03-24,ACTIVE_NOT_RECRUITING
CORT,NCT04329949,Corcept Therapeutics,2021-08-23,TERMINATED
IMNN,NCT02112656,Imunon,2020-04-27,COMPLETED
NTLA,NCT06634420,Intellia Therapeutics,2026-02-10,ACTIVE_NOT_RECRUITING
SCPH,NCT03458325,"scPharmaceuticals, Inc.",2021-06-24,COMPLETED
SIGA,NCT04971109,SIGA Technologies,2023-05-12,COMPLETED
RXRX,NCT05130866,Recursion Pharmaceuticals Inc.,2025-08-18,TERMINATED
BHVN,NCT03701399,"Biohaven Pharmaceuticals, Inc.",2022-02-18,ACTIVE_NOT_RECRUITING
BHVN,NCT02960893,"Biohaven Pharmaceuticals, Inc.",2017-08-18,COMPLETED
BHVN,NCT04641143,"Biohaven Pharmaceuticals, Inc.",2025-10-27,COMPLETED
BHVN,NCT06132893,Biohaven Therapeutics Ltd.,2026-12,RECRUITING
BHVN,NCT06309966,Biohaven Therapeutics Ltd.,2026-10,ACTIVE_NOT_RECRUITING
BHVN,NCT03299166,"Biohaven Pharmaceuticals, Inc.",2020-06-02,COMPLETED
BHVN,NCT04693351,"Biohaven Pharmaceuticals, Inc.",2025-04-29,COMPLETED
BHVN,NCT06419582,Biohaven Therapeutics Ltd.,2025-01-15,COMPLETED
BHVN,NCT05337553,"Biohaven Pharmaceuticals, Inc.",2024-09-25,ACTIVE_NOT_RECRUITING
BHVN,NCT06425159,Biohaven Therapeutics Ltd.,2026-03-12,TERMINATED
BHVN,NCT04708834,"Biohaven Pharmaceuticals, Inc.",2026-02-13,TERMINATED
BHVN,NCT03952806,"Biohaven Pharmaceuticals, Inc.",2021-07-29,COMPLETED
BHVN,NCT03829241,"Biohaven Pharmaceuticals, Inc.",2020-01-14,COMPLETED
SRRK,NCT05626855,"Scholar Rock, Inc.",2026-11-01,ACTIVE_NOT_RECRUITING
SRRK,NCT05156320,"Scholar Rock, Inc.",2024-12-18,COMPLETED
MNPR,NCT04648020,Monopar Therapeutics,2023-05-14,TERMINATED
MNKD,NCT06418711,Mannkind Corporation,2025-11-10,TERMINATED
MNKD,NCT04974528,Mannkind Corporation,2024-10-03,COMPLETED
SYRS,NCT04797780,Syros Pharmaceuticals,2024-11-13,TERMINATED
ALEC,NCT06111014,Alector Inc.,2025-09-01,TERMINATED
ALEC,NCT04374136,Alector Inc.,2025-09-01,TERMINATED
OMER,NCT03608033,Omeros Corporation,2024-01-12,TERMINATED
OMER,NCT03205995,Omeros Corporation,2021-02-02,TERMINATED
CADL,NCT01436968,"Candel Therapeutics, Inc.",2024-08,ACTIVE_NOT_RECRUITING
ARWR,NCT06347016,Arrowhead Pharmaceuticals,2026-06-17,ACTIVE_NOT_RECRUITING
ARWR,NCT06347133,Arrowhead Pharmaceuticals,2026-06-01,ACTIVE_NOT_RECRUITING
ARWR,NCT07056062,Arrowhead Regional Medical Center,2025-05-30,COMPLETED
ARWR,NCT05089084,Arrowhead Pharmaceuticals,2024-04-29,COMPLETED
ARWR,NCT06347003,Arrowhead Pharmaceuticals,2026-06-12,ACTIVE_NOT_RECRUITING
ARWR,NCT06366698,Arrowhead Regional Medical Center,2025-12-30,UNKNOWN
ARWR,NCT03469947,Arrowhead Regional Medical Center,2024-07-29,COMPLETED
GRCE,NCT03361501,Grace Therapeutics Inc.,2019-09-24,COMPLETED
GRCE,NCT03398005,Grace Therapeutics Inc.,2019-07-21,COMPLETED
GRCE,NCT04651777,Dr. Grace Parraga,2023-08-25,ACTIVE_NOT_RECRUITING
GRCE,NCT05995405,Grace Therapeutics Inc.,2024-12,ACTIVE_NOT_RECRUITING
GRCE,NCT04206761,Dr. Grace Parraga,2022-07-01,WITHDRAWN
MLYS,NCT06153693,Mineralys Therapeutics Inc.,2024-12-10,COMPLETED
MLYS,NCT05968430,Mineralys Therapeutics Inc.,2025-12-30,ACTIVE_NOT_RECRUITING
TRVI,NCT02174432,Trevi Therapeutics,2017-09-03,COMPLETED
TRVI,NCT03497975,Trevi Therapeutics,2022-05-10,COMPLETED
PTN,NCT05201170,"Palatin Technologies, Inc",2023-09-01,COMPLETED
CMPX,NCT05624268,COMPASS Pathways,2025-05-28,COMPLETED
CMPX,NCT05506943,Compass Therapeutics,2026-12-01,ACTIVE_NOT_RECRUITING
CMPX,NCT05711940,COMPASS Pathways,2025-11-13,ACTIVE_NOT_RECRUITING
ANTX,NCT05327803,"AN2 Therapeutics, Inc",2024-12-18,TERMINATED
RGNX,NCT05693142,REGENXBIO Inc.,2026-09,ACTIVE_NOT_RECRUITING
RGNX,NCT03566043,REGENXBIO Inc.,2023-11-27,ACTIVE_NOT_RECRUITING
PROK,NCT05286853,Prokidney,2024-09-03,WITHDRAWN
VTRS,NCT06215820,Viatris Specialty LLC,2024-08-24,COMPLETED
INMB,NCT04370236,"Inmune Bio, Inc.",2021-10-13,TERMINATED
PVLA,NCT05180708,"Palvella Therapeutics, Inc.",2023-06-30,COMPLETED
PVLA,NCT03920228,"Palvella Therapeutics, Inc.",2020-09-19,COMPLETED
PVLA,NCT04520750,"Palvella Therapeutics, Inc.",2021-06-30,COMPLETED
PVLA,NCT05643872,"Palvella Therapeutics, Inc.",2023-10,RECRUITING
PVLA,NCT06239480,"Palvella Therapeutics, Inc.",2026-01-14,ACTIVE_NOT_RECRUITING
ZBIO,NCT05786573,"Zenas BioPharma (USA), LLC",2026-06-30,ACTIVE_NOT_RECRUITING
ZBIO,NCT05662241,"Zenas BioPharma (USA), LLC",2025-11-13,ACTIVE_NOT_RECRUITING
ALMS,NCT06586112,Alumis Inc,2025-09-19,COMPLETED
ALMS,NCT06588738,Alumis Inc,2025-09-23,COMPLETED
CNTB,NCT05614817,Connect Biopharm LLC,2024-08,WITHDRAWN
MANE,NCT06972264,"Veradermics, Inc.",2026-12,ACTIVE_NOT_RECRUITING
MANE,NCT06724614,"Veradermics, Inc.",2026-02,ACTIVE_NOT_RECRUITING
CRMD,NCT02651428,CorMedix Therapeutics,2018-10,COMPLETED
BMRN,NCT03370913,BioMarin Pharmaceutical,2020-11-16,COMPLETED
BMRN,NCT03694353,BioMarin Pharmaceutical,2021-01-13,COMPLETED
BMRN,NCT03197766,BioMarin Pharmaceutical,2019-10-30,COMPLETED
BMRN,NCT03392974,BioMarin Pharmaceutical,2019-05-22,COMPLETED
BMRN,NCT04323098,BioMarin Pharmaceutical,2023-01-27,COMPLETED
BMRN,NCT06224907,BioMarin Pharmaceutical,2025-04-16,ACTIVE_NOT_RECRUITING
BMRN,NCT00838435,BioMarin Pharmaceutical,2018-09-14,COMPLETED
BMRN,NCT06455059,BioMarin Pharmaceutical,2026-08-01,ACTIVE_NOT_RECRUITING
DMAC,NCT05065216,DiaMedica Therapeutics Inc,2026-12,RECRUITING
CLNN,NCT04626921,Clene Nanomedicine,2023-05-29,COMPLETED
INO,NCT04642638,Inovio Pharmaceuticals,2022-09-13,TERMINATED
INO,NCT03185013,Inovio Pharmaceuticals,2020-07-08,COMPLETED
INO,NCT03721978,Inovio Pharmaceuticals,2022-08-23,COMPLETED
