trig,th,fam,exit,n,bps,t,win,y24,y25,y26,all_years_pos
cum,0.003,Lf,hold1,354,-7.125176063394678,-1.7421006674654091,0.4915254237288136,-5.511755823825277,-3.6247272130147423,-13.940584671468121,False
cum,0.003,Lf,hold2,354,-5.088759274323699,-0.9965313982699826,0.5028248587570622,-6.730059509135156,-1.147015252974406,-8.959440406774075,False
cum,0.003,Lf,hold4,354,-6.1475548278655,-0.9864224011438502,0.5028248587570622,-6.152928208394154,-2.191182473009896,-11.838820300276053,False
cum,0.003,Lf,holdEOD,354,-4.035014143489256,-0.5381529316021362,0.5338983050847458,-2.029762002348775,-3.796680303697934,-6.583992228043287,False
cum,0.003,Lf,trail05,354,-6.398518673622556,-1.1271936068871493,0.4604519774011299,-6.1702738098042955,-1.9502069883894457,-13.055156850558324,False
cum,0.003,Lf,trail10,354,-3.8750928221189733,-0.6420784501562151,0.5084745762711864,-3.3606006538869875,-1.6113836721371284,-7.700775383148015,False
cum,0.003,Sf,hold1,330,-6.166406879362994,-1.6480128843009578,0.47575757575757577,-4.540039132615373,1.1398189627538085,-20.782496325034895,False
cum,0.003,Sf,hold2,330,-7.519068714000895,-1.4943350027182944,0.46060606060606063,-2.7296933304207402,-2.298333731388013,-22.74047650659187,False
cum,0.003,Sf,hold4,330,-8.263893072486555,-1.257248289484671,0.49393939393939396,-1.392979985975487,-2.3093892304741117,-27.47961442888823,False
cum,0.003,Sf,holdEOD,330,-11.781159019529111,-1.6898494620923825,0.45454545454545453,-7.475249537125023,-5.997540268110681,-27.32682791340986,False
cum,0.003,Sf,trail05,330,-15.77696733412849,-3.346000692222767,0.39090909090909093,-11.456668390463042,-4.1551727109296825,-41.30920554344193,False
cum,0.003,Sf,trail10,330,-15.526266215019442,-3.0111417173262938,0.42727272727272725,-8.52021504911077,-4.548854729359202,-43.495670287099564,False
cum,0.003,Lr,hold1,330,6.166406879362994,1.6480128843009578,0.5212121212121212,4.540039132615373,-1.1398189627538085,20.782496325034895,False
cum,0.003,Lr,hold2,330,7.519068714000895,1.4943350027182944,0.5393939393939394,2.7296933304207402,2.298333731388013,22.74047650659187,True
cum,0.003,Lr,hold4,330,8.263893072486555,1.257248289484671,0.5060606060606061,1.392979985975487,2.3093892304741117,27.47961442888823,True
cum,0.003,Lr,holdEOD,330,11.781159019529111,1.6898494620923825,0.5393939393939394,7.475249537125023,5.997540268110681,27.32682791340986,True
cum,0.003,Lr,trail05,330,2.0322105843959375,0.318871222886571,0.4666666666666667,3.3004418710711847,0.8843921505889979,2.3215471913720975,True
cum,0.003,Lr,trail10,330,4.6855354896503165,0.6971167289558772,0.5151515151515151,5.811845941568817,2.890032428880473,6.267595242096418,True
cum,0.003,Sr,hold1,354,7.125176063394678,1.7421006674654091,0.4971751412429379,5.511755823825277,3.6247272130147423,13.940584671468121,True
cum,0.003,Sr,hold2,354,5.088759274323699,0.9965313982699826,0.4943502824858757,6.730059509135156,1.147015252974406,8.959440406774075,True
cum,0.003,Sr,hold4,354,6.1475548278655,0.9864224011438502,0.4915254237288136,6.152928208394154,2.191182473009896,11.838820300276053,True
cum,0.003,Sr,holdEOD,354,4.035014143489256,0.5381529316021362,0.4604519774011299,2.029762002348775,3.796680303697934,6.583992228043287,True
cum,0.003,Sr,trail05,354,5.223314854874797,0.767210513700776,0.4209039548022599,0.3772099506702141,1.4826479765072769,15.940590554349065,True
cum,0.003,Sr,trail10,354,5.397957064166146,0.7447949990035875,0.4604519774011299,0.6907464689704556,2.1474887669131935,15.256563066925656,True
cum,0.005,Lf,hold1,332,-6.683266515982575,-1.6990918645278628,0.4789156626506024,-5.734358549067479,-9.095849100703733,-4.080489092289798,False
cum,0.005,Lf,hold2,332,-5.96532777586318,-1.1780856913975508,0.4759036144578313,-10.24878792095228,-8.12685295633447,2.2987870018513132,False
cum,0.005,Lf,hold4,332,-5.771775636287075,-0.9334402403108675,0.49096385542168675,-8.359055139200242,-7.942485520419704,0.5463913894159488,False
cum,0.005,Lf,holdEOD,332,-3.524218715111796,-0.46367098649337246,0.5210843373493976,-3.9643170912226866,-9.732190946814384,6.503230163671429,False
cum,0.005,Lf,trail05,332,-6.80234024476178,-1.1879470217857697,0.4427710843373494,-6.6866913423933,-7.866536552584827,-5.304211304392243,False
cum,0.005,Lf,trail10,332,-3.6489146848701,-0.6020294503838515,0.4939759036144578,-5.371934895734261,-7.4518814182291955,4.173346549945767,False
cum,0.005,Sf,hold1,304,-8.807662668267328,-2.2213718822730404,0.4605263157894737,-8.185419653536414,2.0684633016883787,-26.648696538352088,False
cum,0.005,Sf,hold2,304,-5.682303448277448,-1.0273628689973688,0.4605263157894737,-7.945211139835236,6.317756157051081,-21.434417190945013,False
cum,0.005,Sf,hold4,304,-9.099486642739246,-1.3277928448366076,0.48355263157894735,-7.284294124274651,2.3984298950307674,-29.503664072588723,False
cum,0.005,Sf,holdEOD,304,-13.464840724023468,-1.8468601430946172,0.4407894736842105,-13.091894373471874,-2.0477532521866992,-31.819598314042075,False
cum,0.005,Sf,trail05,304,-17.27611862389461,-3.5663569202824132,0.3815789473684211,-14.90587278638261,-1.556877551356848,-45.022951674546604,False
cum,0.005,Sf,trail10,304,-17.443439082359234,-3.3141617789827786,0.4144736842105263,-14.177050866687837,-1.3446753870776618,-46.978740944592275,False
cum,0.005,Lr,hold1,304,8.807662668267328,2.2213718822730404,0.5361842105263158,8.185419653536414,-2.0684633016883787,26.648696538352088,False
cum,0.005,Lr,hold2,304,5.682303448277448,1.0273628689973688,0.5394736842105263,7.945211139835236,-6.317756157051081,21.434417190945013,False
cum,0.005,Lr,hold4,304,9.099486642739246,1.3277928448366076,0.5164473684210527,7.284294124274651,-2.3984298950307674,29.503664072588723,False
cum,0.005,Lr,holdEOD,304,13.464840724023468,1.8468601430946172,0.5526315789473685,13.091894373471874,2.0477532521866992,31.819598314042075,True
cum,0.005,Lr,trail05,304,1.9315475567026268,0.2874632931508532,0.4769736842105263,7.927442513484957,-5.5836380382729995,5.691542006467548,False
cum,0.005,Lr,trail10,304,5.391537888181449,0.7634055052109644,0.5263157894736842,10.670630820225337,-1.9724358170909078,9.87075746652329,False
cum,0.005,Sr,hold1,332,6.683266515982575,1.6990918645278628,0.5090361445783133,5.734358549067479,9.095849100703733,4.080489092289798,True
cum,0.005,Sr,hold2,332,5.96532777586318,1.1780856913975508,0.5180722891566265,10.24878792095228,8.12685295633447,-2.2987870018513132,False
cum,0.005,Sr,hold4,332,5.771775636287075,0.9334402403108675,0.5,8.359055139200242,7.942485520419704,-0.5463913894159488,False
cum,0.005,Sr,holdEOD,332,3.524218715111796,0.46367098649337246,0.46987951807228917,3.9643170912226866,9.732190946814384,-6.503230163671429,False
cum,0.005,Sr,trail05,332,6.591812746157454,0.9601571625136965,0.44879518072289154,2.609920428016359,9.611388173348315,6.563094880983396,True
cum,0.005,Sr,trail10,332,5.131924604917098,0.6984026052578246,0.46987951807228917,2.4403101205464663,7.631677592058742,4.409280095461529,True
cum,0.0075,Lf,hold1,286,-3.1428444318362736,-0.761631228664619,0.5034965034965035,-0.11332696923560048,-6.19809932264004,-2.2426450450581075,False
cum,0.0075,Lf,hold2,286,-2.351742194734209,-0.44047305919876406,0.4825174825174825,-5.789016002813097,-3.1646835021609085,2.3837308607210024,False
cum,0.0075,Lf,hold4,286,-2.4849799653824713,-0.3693480450202812,0.4965034965034965,-1.4587813439948394,-6.091254067402081,1.2790354658641598,False
cum,0.0075,Lf,holdEOD,286,0.058455185710215456,0.007044423761976477,0.5244755244755245,1.2016580852537266,-5.672976967701083,6.557345367568598,False
cum,0.0075,Lf,trail05,286,-3.9462416699812985,-0.6362725700434327,0.45104895104895104,-2.5781944609037426,-3.2307380060086763,-6.358243046609976,False
cum,0.0075,Lf,trail10,286,-0.617253449604397,-0.09416172503810669,0.5,-0.9859990428128638,-3.6076846261211997,3.7962832258950345,False
cum,0.0075,Sf,hold1,280,-9.283645766916354,-2.3544782885193443,0.45714285714285713,-8.829419356810728,0.6183256365802468,-25.23042029018285,False
cum,0.0075,Sf,hold2,280,-7.60046508293909,-1.3834757105614852,0.4642857142857143,-12.755958851212265,6.629356372274014,-23.374512845596495,False
cum,0.0075,Sf,hold4,280,-10.951319463006497,-1.5479552892044228,0.48214285714285715,-9.107129343164877,-0.0834538144547853,-30.108425550696154,False
cum,0.0075,Sf,holdEOD,280,-15.693762524654522,-2.0848281746388153,0.43214285714285716,-16.910879998059013,-4.182147431132265,-32.08670908783358,False
cum,0.0075,Sf,trail05,280,-18.858333730835387,-3.9834779180913547,0.3821428571428571,-17.105133876499096,-3.1089091215169202,-45.489752877000605,False
cum,0.0075,Sf,trail10,280,-19.953676610939752,-3.8606649897427876,0.4035714285714286,-18.10104693848007,-3.086523162759151,-48.44437859383974,False
cum,0.0075,Lr,hold1,280,9.283645766916354,2.3544782885193443,0.5285714285714286,8.829419356810728,-0.6183256365802468,25.23042029018285,False
cum,0.0075,Lr,hold2,280,7.60046508293909,1.3834757105614852,0.5321428571428571,12.755958851212265,-6.629356372274014,23.374512845596495,False
cum,0.0075,Lr,hold4,280,10.951319463006497,1.5479552892044228,0.5142857142857142,9.107129343164877,0.0834538144547853,30.108425550696154,True
cum,0.0075,Lr,holdEOD,280,15.693762524654522,2.0848281746388153,0.5607142857142857,16.910879998059013,4.182147431132265,32.08670908783358,True
cum,0.0075,Lr,trail05,280,2.7850936826963673,0.4025419433815504,0.475,10.34924150463381,-4.140143945139859,4.245429836816078,False
cum,0.0075,Lr,trail10,280,6.593504978589247,0.9013919441282593,0.5321428571428571,14.304061136842472,-0.3463288284408951,7.896481700311173,False
cum,0.0075,Sr,hold1,286,3.1428444318362736,0.761631228664619,0.48951048951048953,0.11332696923560048,6.19809932264004,2.2426450450581075,True
cum,0.0075,Sr,hold2,286,2.351742194734209,0.44047305919876406,0.513986013986014,5.789016002813097,3.1646835021609085,-2.3837308607210024,False
cum,0.0075,Sr,hold4,286,2.4849799653824713,0.3693480450202812,0.493006993006993,1.4587813439948394,6.091254067402081,-1.2790354658641598,False
cum,0.0075,Sr,holdEOD,286,-0.058455185710215456,-0.007044423761976477,0.46503496503496505,-1.2016580852537266,5.672976967701083,-6.557345367568598,False
cum,0.0075,Sr,trail05,286,2.648762917311265,0.35568825916527846,0.4370629370629371,-3.8186750938818346,5.351580986717633,5.865233645326342,False
cum,0.0075,Sr,trail10,286,2.270585329607406,0.2853177671129506,0.46153846153846156,-1.3114803901453687,3.4275184185884666,4.509518782025706,False
cum,0.01,Lf,hold1,252,-4.619800506637562,-1.0513389841007865,0.4642857142857143,-0.45025603451526375,-6.809298050696858,-5.664147368527739,False
cum,0.01,Lf,hold2,252,-2.288340329683688,-0.40455332610692185,0.47619047619047616,-2.614671103389026,-6.554786879325693,3.0971179333858347,False
cum,0.01,Lf,hold4,252,-2.3223206631404367,-0.32428113088234956,0.49206349206349204,-0.8254333752870288,-4.9080215597674774,-0.5464328199208619,False
cum,0.01,Lf,holdEOD,252,0.4059468652108868,0.045163405791821445,0.5238095238095238,3.4702425330057585,-4.779279020527738,3.912323069127403,False
cum,0.01,Lf,trail05,252,-4.306947915981414,-0.653173380542415,0.4444444444444444,1.2250985955910727,-4.52746566250721,-8.900809009563016,False
cum,0.01,Lf,trail10,252,-1.1345349439607846,-0.1622358651345508,0.49603174603174605,0.7488962427119498,-4.723849014894213,1.501388635442131,False
cum,0.01,Sf,hold1,245,-8.440055648401732,-1.9246014781955196,0.47346938775510206,-8.939433697477408,0.8947352493280296,-21.38091143467467,False
cum,0.01,Sf,hold2,245,-8.60510558393385,-1.431293790891674,0.4489795918367347,-15.128200140642145,5.143570058366171,-21.54663762216083,False
cum,0.01,Sf,hold4,245,-13.434220705113445,-1.7290001434970248,0.46938775510204084,-11.270870260588957,-5.688952873161203,-26.896506189713275,False
cum,0.01,Sf,holdEOD,245,-18.64786441451557,-2.24556580698365,0.4204081632653061,-19.344642850807716,-9.638442165929968,-30.910579311965954,False
cum,0.01,Sf,trail05,245,-21.201536722683482,-4.240223651687691,0.37142857142857144,-19.670355085224458,-8.954992594111614,-40.490228124936735,False
cum,0.01,Sf,trail10,245,-22.575285771427996,-4.12668046864339,0.39591836734693875,-20.017860746417767,-9.57762151115146,-44.032622087694975,False
cum,0.01,Lr,hold1,245,8.440055648401732,1.9246014781955196,0.5183673469387755,8.939433697477408,-0.8947352493280296,21.38091143467467,False
cum,0.01,Lr,hold2,245,8.60510558393385,1.431293790891674,0.5469387755102041,15.128200140642145,-5.143570058366171,21.54663762216083,False
cum,0.01,Lr,hold4,245,13.434220705113445,1.7290001434970248,0.5265306122448979,11.270870260588957,5.688952873161203,26.896506189713275,True
cum,0.01,Lr,holdEOD,245,18.64786441451557,2.24556580698365,0.5714285714285714,19.344642850807716,9.638442165929968,30.910579311965954,True
cum,0.01,Lr,trail05,245,4.244597882282829,0.5565267072209346,0.49387755102040815,11.170232926619105,-0.5990365371489152,3.9118847834502763,False
cum,0.01,Lr,trail10,245,9.13283617109506,1.1387973294635403,0.5428571428571428,16.708231042162705,5.511675338579608,6.349379365738697,True
cum,0.01,Sr,hold1,252,4.619800506637562,1.0513389841007865,0.5357142857142857,0.45025603451526375,6.809298050696858,5.664147368527739,True
cum,0.01,Sr,hold2,252,2.288340329683688,0.40455332610692185,0.5238095238095238,2.614671103389026,6.554786879325693,-3.0971179333858347,False
cum,0.01,Sr,hold4,252,2.3223206631404367,0.32428113088234956,0.503968253968254,0.8254333752870288,4.9080215597674774,0.5464328199208619,True
cum,0.01,Sr,holdEOD,252,-0.4059468652108868,-0.045163405791821445,0.4722222222222222,-3.4702425330057585,4.779279020527738,-3.912323069127403,False
cum,0.01,Sr,trail05,252,2.2562087300414957,0.27951916547926214,0.44841269841269843,-5.237827206784579,4.3610836440530045,6.320755630996974,False
cum,0.01,Sr,trail10,252,1.8138556209209153,0.21043347809853474,0.46825396825396826,-4.231733979358212,2.0326897855042514,6.86064468300543,False
cum,0.015,Lf,hold1,182,-4.587969395190073,-0.7998836367812264,0.46153846153846156,-0.8979482078621397,-7.992314559119575,-4.125346973632144,False
cum,0.015,Lf,hold2,182,-1.078954284031518,-0.14936641101404838,0.5,0.5160443942762221,-8.570212439414254,4.083232332156094,False
cum,0.015,Lf,hold4,182,-3.4242249965083884,-0.37765056060324553,0.4945054945054945,6.916686087273951,-8.310062846969853,-5.96458597028704,False
cum,0.015,Lf,holdEOD,182,-0.023496843338957452,-0.002022829232012688,0.5384615384615384,9.323563158850112,-6.069990890913241,-0.9758709406478117,False
cum,0.015,Lf,trail05,182,-4.087693155916156,-0.5033016563138246,0.46153846153846156,5.514034769801909,-3.7944544946014775,-10.427811680901893,False
cum,0.015,Lf,trail10,182,-1.680992069478882,-0.19406318175242296,0.5054945054945055,2.644401162418303,-5.549677079835873,-1.2391501271463319,False
cum,0.015,Sf,hold1,177,-11.343815470281145,-2.1184549761846636,0.4519774011299435,-9.326182852092028,-3.8938678052574054,-22.83191633835988,False
cum,0.015,Sf,hold2,177,-14.197686391315312,-2.0070123941329845,0.3954802259887006,-19.778352307349728,-4.505142564280576,-21.535080027710062,False
cum,0.015,Sf,hold4,177,-21.434936888377027,-2.264357405344751,0.423728813559322,-13.175101720762756,-19.126355834650255,-32.07422504043029,False
cum,0.015,Sf,holdEOD,177,-28.08674372451933,-2.8417007269917165,0.3898305084745763,-20.455325436120074,-23.926059585677965,-40.53421475299386,False
cum,0.015,Sf,trail05,177,-23.525809961786678,-3.831779078745173,0.3333333333333333,-21.03125328846686,-13.436066273955026,-38.86388618315683,False
cum,0.015,Sf,trail10,177,-24.39636282014612,-3.647717256207868,0.3728813559322034,-22.399616229829885,-12.294927960458326,-41.86974375003632,False
cum,0.015,Lr,hold1,177,11.343815470281145,2.1184549761846636,0.536723163841808,9.326182852092028,3.8938678052574054,22.83191633835988,True
cum,0.015,Lr,hold2,177,14.197686391315312,2.0070123941329845,0.5988700564971752,19.778352307349728,4.505142564280576,21.535080027710062,True
cum,0.015,Lr,hold4,177,21.434936888377027,2.264357405344751,0.5706214689265536,13.175101720762756,19.126355834650255,32.07422504043029,True
cum,0.015,Lr,holdEOD,177,28.08674372451933,2.8417007269917165,0.5988700564971752,20.455325436120074,23.926059585677965,40.53421475299386,True
cum,0.015,Lr,trail05,177,11.33349069900107,1.1959955000777618,0.5254237288135594,13.032572876340172,17.74709783968863,1.4785943711263279,True
cum,0.015,Lr,trail10,177,14.654471014452868,1.4587122469425,0.5649717514124294,17.45462063241071,18.689074355735933,6.849662509962905,True
cum,0.015,Sr,hold1,182,4.587969395190073,0.7998836367812264,0.5384615384615384,0.8979482078621397,7.992314559119575,4.125346973632144,True
cum,0.015,Sr,hold2,182,1.078954284031518,0.14936641101404838,0.4945054945054945,-0.5160443942762221,8.570212439414254,-4.083232332156094,False
cum,0.015,Sr,hold4,182,3.4242249965083884,0.37765056060324553,0.5,-6.916686087273951,8.310062846969853,5.96458597028704,False
cum,0.015,Sr,holdEOD,182,0.023496843338957452,0.002022829232012688,0.46153846153846156,-9.323563158850112,6.069990890913241,0.9758709406478117,False
cum,0.015,Sr,trail05,182,5.497652663347723,0.5175078576171963,0.45054945054945056,-6.874935944906967,10.577149688419377,9.168765447923391,False
cum,0.015,Sr,trail10,182,1.1622797498250217,0.10297014913834485,0.45054945054945056,-12.382585301228715,4.517390792995124,6.999399800718929,False
cum,0.02,Lf,hold1,125,-6.375414477703946,-0.9136140361437115,0.456,2.0734949513345446,-22.431915596695198,-0.8742829961356356,False
cum,0.02,Lf,hold2,125,-2.3599142638660466,-0.2538213476245851,0.504,4.43109368846818,-17.147263880395975,3.209820441643286,False
cum,0.02,Lf,hold4,125,0.9915243214011279,0.08354425643164669,0.552,10.51300797982851,-6.841034868197995,0.92928061076972,False
cum,0.02,Lf,holdEOD,125,0.5894961841147259,0.03762147340923363,0.576,15.427951819194291,-5.190440758003887,-3.4287400724296284,False
cum,0.02,Lf,trail05,125,-3.80149636881967,-0.3696425994022945,0.496,11.88169217944378,-8.57373485808807,-8.864124688044097,False
cum,0.02,Lf,trail10,125,1.2297773811728903,0.11325869571210334,0.536,6.89613756989975,-8.598868875304552,4.345717373908177,False
cum,0.02,Sf,hold1,131,-17.43318426371636,-2.211210948056539,0.44274809160305345,-23.23990100992808,1.1025582090592916,-32.36876235384076,False
cum,0.02,Sf,hold2,131,-28.204723881822286,-2.823729006368262,0.3816793893129771,-22.85903945009934,-8.768852934237596,-50.9549191770752,False
cum,0.02,Sf,hold4,131,-33.17341864625503,-2.5525691225375717,0.40458015267175573,-19.082688022700655,-29.646843168978073,-45.43624711013569,False
cum,0.02,Sf,holdEOD,131,-43.33694958036162,-3.196166465775922,0.3893129770992366,-25.72273713191977,-34.35008477529093,-63.244626103466246,False
cum,0.02,Sf,trail05,131,-30.42177805963549,-3.6540441565405564,0.32061068702290074,-27.85095713810965,-11.583166179848156,-50.85429891076885,False
cum,0.02,Sf,trail10,131,-34.039796188002754,-3.8738058282698735,0.366412213740458,-28.474006968769363,-17.999615173234062,-53.53076651869613,False
cum,0.02,Lr,hold1,131,17.43318426371636,2.211210948056539,0.5572519083969466,23.23990100992808,-1.1025582090592916,32.36876235384076,False
cum,0.02,Lr,hold2,131,28.204723881822286,2.823729006368262,0.6183206106870229,22.85903945009934,8.768852934237596,50.9549191770752,True
cum,0.02,Lr,hold4,131,33.17341864625503,2.5525691225375717,0.5954198473282443,19.082688022700655,29.646843168978073,45.43624711013569,True
cum,0.02,Lr,holdEOD,131,43.33694958036162,3.196166465775922,0.6030534351145038,25.72273713191977,34.35008477529093,63.244626103466246,True
cum,0.02,Lr,trail05,131,30.303884826469112,2.286495296713852,0.549618320610687,22.327594694767726,25.968442232369828,39.584627302223254,True
cum,0.02,Lr,trail10,131,34.166549229467186,2.4999198926106136,0.5801526717557252,25.706287589350943,27.371276774881355,46.20718390092511,True
cum,0.02,Sr,hold1,125,6.375414477703946,0.9136140361437115,0.536,-2.0734949513345446,22.431915596695198,0.8742829961356356,False
cum,0.02,Sr,hold2,125,2.3599142638660466,0.2538213476245851,0.488,-4.43109368846818,17.147263880395975,-3.209820441643286,False
cum,0.02,Sr,hold4,125,-0.9915243214011279,-0.08354425643164669,0.432,-10.51300797982851,6.841034868197995,-0.92928061076972,False
cum,0.02,Sr,holdEOD,125,-0.5894961841147259,-0.03762147340923363,0.416,-15.427951819194291,5.190440758003887,3.4287400724296284,False
cum,0.02,Sr,trail05,125,3.702763022357294,0.25737757212478224,0.4,-14.126532082596068,12.900784206686202,7.156154386980353,False
cum,0.02,Sr,trail10,125,-0.058562423973435335,-0.0038596033804070137,0.4,-17.417803974976522,2.9428626326962237,6.936792567382237,False
roll,0.003,Lf,hold1,462,5.262810833573679,1.6962728051268912,0.5844155844155844,4.458365887923594,-0.717337329202387,14.117421405624095,False
roll,0.003,Lf,hold2,462,2.2231524269667533,0.5367004668305672,0.5324675324675324,2.5585994951292976,3.265219512699365,0.4734422253583555,True
roll,0.003,Lf,hold4,462,0.8000457737667369,0.1554824758442301,0.5454545454545454,2.1110931791675447,2.304692621615305,-2.6016935842196993,False
roll,0.003,Lf,holdEOD,462,0.991421493000909,0.18989998909921432,0.5584415584415584,1.1428901701311571,1.5827129705513676,0.03975576931753689,True
roll,0.003,Lf,trail05,462,0.24237580817083407,0.053456996408574584,0.5238095238095238,-0.7141309963162196,2.4449821726508563,-1.6924578571911402,False
roll,0.003,Lf,trail10,462,1.6313424471374778,0.35238120060698924,0.551948051948052,0.5535795227515613,3.8943066824831454,-0.25587541846060685,False
roll,0.003,Sf,hold1,449,-2.273125015897459,-0.9014374247669067,0.46770601336302897,-3.258951043633839,-3.76535886961249,1.12052193141346,False
roll,0.003,Sf,hold2,449,-1.4155778844152238,-0.37294882347096886,0.49888641425389757,-6.084281609678376,-0.8700443755777613,3.362202269591659,False
roll,0.003,Sf,hold4,449,-7.898615986993909,-1.6404049005874595,0.46547884187082406,-9.06886057711621,-4.2829367288514755,-11.862404803108053,False
roll,0.003,Sf,holdEOD,449,-7.638294717634086,-1.5587632534289622,0.45879732739420936,-9.587061642331635,-2.9195931878130783,-12.306860339697687,False
roll,0.003,Sf,trail05,449,-5.549531988008988,-1.4716884062522517,0.43429844097995546,-10.430665776414948,-2.1824972251283388,-4.703530012387083,False
roll,0.003,Sf,trail10,449,-7.838272326843661,-1.8579629917292981,0.45657015590200445,-11.210773481153584,-6.692603689153426,-5.502049825964017,False
roll,0.003,Lr,hold1,449,2.273125015897459,0.9014374247669067,0.5211581291759465,3.258951043633839,3.76535886961249,-1.12052193141346,False
roll,0.003,Lr,hold2,449,1.4155778844152238,0.37294882347096886,0.49665924276169265,6.084281609678376,0.8700443755777613,-3.362202269591659,False
roll,0.003,Lr,hold4,449,7.898615986993909,1.6404049005874595,0.534521158129176,9.06886057711621,4.2829367288514755,11.862404803108053,True
roll,0.003,Lr,holdEOD,449,7.638294717634086,1.5587632534289622,0.5389755011135857,9.587061642331635,2.9195931878130783,12.306860339697687,True
roll,0.003,Lr,trail05,449,0.8362966470832927,0.18356642928677872,0.512249443207127,5.92339520925507,2.6777515823448685,-7.983537232911988,False
roll,0.003,Lr,trail10,449,3.645832838504192,0.7954727600020718,0.5278396436525612,7.268908238327887,5.183042913077056,-2.970593652249488,False
roll,0.003,Sr,hold1,462,-5.262810833573679,-1.6962728051268912,0.4090909090909091,-4.458365887923594,0.717337329202387,-14.117421405624095,False
roll,0.003,Sr,hold2,462,-2.2231524269667533,-0.5367004668305672,0.461038961038961,-2.5585994951292976,-3.265219512699365,-0.4734422253583555,False
roll,0.003,Sr,hold4,462,-0.8000457737667369,-0.1554824758442301,0.44805194805194803,-2.1110931791675447,-2.304692621615305,2.6016935842196993,False
roll,0.003,Sr,holdEOD,462,-0.991421493000909,-0.18989998909921432,0.43073593073593075,-1.1428901701311571,-1.5827129705513676,-0.03975576931753689,False
roll,0.003,Sr,trail05,462,-2.0943184889556554,-0.4446138015598504,0.4134199134199134,-0.47845294253958204,-0.01495595766073451,-6.587911278511467,False
roll,0.003,Sr,trail10,462,-1.6133319645012258,-0.32415827428510685,0.4264069264069264,-1.5922441239671314,-0.0004587682224084381,-3.7940641024398656,False
roll,0.005,Lf,hold1,333,1.4315922174528775,0.3407845042519226,0.5525525525525525,3.823985729799395,-7.289476142850492,8.29982452424545,False
roll,0.005,Lf,hold2,333,0.3865768939147267,0.0697758660563363,0.5105105105105106,4.089184297374169,-1.7792246383207904,-0.610781015147474,False
roll,0.005,Lf,hold4,333,-4.63839466969275,-0.6864969678860405,0.5165165165165165,0.1431883016394444,-4.472058676249602,-8.966968098905896,False
roll,0.005,Lf,holdEOD,333,-4.168690272552307,-0.6011287822251683,0.5315315315315315,-0.26224661499019053,-4.207832011155343,-7.525434973431034,False
roll,0.005,Lf,trail05,333,-4.035386174144137,-0.6800453571021008,0.4984984984984985,0.16906174896563175,-1.0188561565806156,-10.786649951391729,False
roll,0.005,Lf,trail10,333,-3.5391609943735616,-0.5804723412323942,0.5225225225225225,-1.9026694576943546,0.3205385165402451,-8.922584437467044,False
roll,0.005,Sf,hold1,315,-2.685267860159617,-0.8329463000422765,0.46984126984126984,0.5091582802024952,-8.941758755172488,0.7305075639229385,False
roll,0.005,Sf,hold2,315,-0.8480344621022988,-0.1717868223845609,0.4888888888888889,-0.9667482577489716,-3.9904557011887407,2.431205047469887,False
roll,0.005,Sf,hold4,315,-7.026351666126807,-1.0987013918026527,0.45396825396825397,-2.85352056512983,-6.232795028352879,-11.613713901451456,False
roll,0.005,Sf,holdEOD,315,-6.496424247013762,-0.9947207290277655,0.44761904761904764,-3.6956401307689672,-4.39833932188202,-11.155388138044778,False
roll,0.005,Sf,trail05,315,-4.905650031466435,-1.0015348616386908,0.4222222222222222,-6.267128047291801,-4.340746755636576,-4.240368656601328,False
roll,0.005,Sf,trail10,315,-6.23134135920569,-1.1434085867943653,0.4444444444444444,-5.1118607485374,-8.764840915680548,-4.690208472073586,False
roll,0.005,Lr,hold1,315,2.685267860159617,0.8329463000422765,0.5174603174603175,-0.5091582802024952,8.941758755172488,-0.7305075639229385,False
roll,0.005,Lr,hold2,315,0.8480344621022988,0.1717868223845609,0.5015873015873016,0.9667482577489716,3.9904557011887407,-2.431205047469887,False
roll,0.005,Lr,hold4,315,7.026351666126807,1.0987013918026527,0.5428571428571428,2.85352056512983,6.232795028352879,11.613713901451456,True
roll,0.005,Lr,holdEOD,315,6.496424247013762,0.9947207290277655,0.546031746031746,3.6956401307689672,4.39833932188202,11.155388138044778,True
roll,0.005,Lr,trail05,315,-2.1916807826332425,-0.36609679839026915,0.5142857142857142,-2.399012261596807,6.396720930554717,-10.671470614106005,False
roll,0.005,Lr,trail10,315,1.4291637920646887,0.2372898664818078,0.5333333333333333,0.24206465133480282,9.249453620739272,-5.386353573990871,False
roll,0.005,Sr,hold1,333,-1.4315922174528775,-0.3407845042519226,0.44144144144144143,-3.823985729799395,7.289476142850492,-8.29982452424545,False
roll,0.005,Sr,hold2,333,-0.3865768939147267,-0.0697758660563363,0.4804804804804805,-4.089184297374169,1.7792246383207904,0.610781015147474,False
roll,0.005,Sr,hold4,333,4.63839466969275,0.6864969678860405,0.4744744744744745,-0.1431883016394444,4.472058676249602,8.966968098905896,False
roll,0.005,Sr,holdEOD,333,4.168690272552307,0.6011287822251683,0.45345345345345345,0.26224661499019053,4.207832011155343,7.525434973431034,True
roll,0.005,Sr,trail05,333,3.115537258380563,0.49547759704352323,0.43243243243243246,-0.6428012820875705,8.02049214858212,1.3507474931895156,False
roll,0.005,Sr,trail10,333,4.018495723232747,0.6070565885470386,0.45045045045045046,0.3462205465230668,6.7661271399901395,4.392469727524882,True
roll,0.0075,Lf,hold1,197,0.8361723821358077,0.1293945570457052,0.5380710659898477,4.597977860066219,-7.683557111014789,4.977757209203572,False
roll,0.0075,Lf,hold2,197,-8.272405826911955,-0.9632289225297795,0.45685279187817257,-4.186878454482484,-7.290964582072944,-11.271662946696521,False
roll,0.0075,Lf,hold4,197,-14.481540981297242,-1.3687529857290972,0.47715736040609136,-1.5582119599846227,-16.407080055505368,-20.283992508598335,False
roll,0.0075,Lf,holdEOD,197,-14.366935845505052,-1.3128172561435274,0.49238578680203043,-3.5334563177440335,-16.353913555518048,-18.957952375757493,False
roll,0.0075,Lf,trail05,197,-11.924173706023275,-1.304945570087549,0.45685279187817257,-3.4357238008371174,-6.141042346455944,-20.898393137438134,False
roll,0.0075,Lf,trail10,197,-12.538138028455334,-1.3357815148765724,0.47715736040609136,-6.951003906711047,-7.373535847203289,-19.43990983383446,False
roll,0.0075,Sf,hold1,185,-5.447329074802699,-1.2274420574615295,0.4810810810810811,0.38043695962488216,-13.584119899516148,-3.102581462958531,False
roll,0.0075,Sf,hold2,185,-1.6725369793081177,-0.22911592283020354,0.5081081081081081,0.09465481675043314,-6.4740758852883875,0.7966794719117298,False
roll,0.0075,Sf,hold4,185,-11.851097596961505,-1.190834924027187,0.4540540540540541,-4.5989293786817305,-15.150077581054527,-14.075351776657522,False
roll,0.0075,Sf,holdEOD,185,-11.051794617814432,-1.0867845424306706,0.4486486486486487,-5.320884081019291,-12.147228395312922,-13.948033159955266,False
roll,0.0075,Sf,trail05,185,-7.855536108106383,-1.0892269875137766,0.41621621621621624,-6.707916305515731,-12.68875554865429,-4.960136920804491,False
roll,0.0075,Sf,trail10,185,-10.625459277548053,-1.2998744107190199,0.4486486486486487,-6.780041235228203,-21.76366354401722,-4.732667779636116,False
roll,0.0075,Lr,hold1,185,5.447329074802699,1.2274420574615295,0.5081081081081081,-0.38043695962488216,13.584119899516148,3.102581462958531,False
roll,0.0075,Lr,hold2,185,1.6725369793081177,0.22911592283020354,0.4864864864864865,-0.09465481675043314,6.4740758852883875,-0.7966794719117298,False
roll,0.0075,Lr,hold4,185,11.851097596961505,1.190834924027187,0.5459459459459459,4.5989293786817305,15.150077581054527,14.075351776657522,True
roll,0.0075,Lr,holdEOD,185,11.051794617814432,1.0867845424306706,0.5513513513513514,5.320884081019291,12.147228395312922,13.948033159955266,True
roll,0.0075,Lr,trail05,185,-2.6602768996753694,-0.2829210663184049,0.4972972972972973,-5.882444168429481,12.252952619989314,-11.801302207504541,False
roll,0.0075,Lr,trail10,185,2.4966498490932247,0.2655853078263003,0.5297297297297298,0.8682609305252146,17.212509791631174,-7.530628472189901,False
roll,0.0075,Sr,hold1,197,-0.8361723821358077,-0.1293945570457052,0.4416243654822335,-4.597977860066219,7.683557111014789,-4.977757209203572,False
roll,0.0075,Sr,hold2,197,8.272405826911955,0.9632289225297795,0.5380710659898477,4.186878454482484,7.290964582072944,11.271662946696521,True
roll,0.0075,Sr,hold4,197,14.481540981297242,1.3687529857290972,0.5177664974619289,1.5582119599846227,16.407080055505368,20.283992508598335,True
roll,0.0075,Sr,holdEOD,197,14.366935845505052,1.3128172561435274,0.49746192893401014,3.5334563177440335,16.353913555518048,18.957952375757493,True
roll,0.0075,Sr,trail05,197,13.573664595201999,1.3858559700665871,0.467005076142132,5.284833105205154,21.71253237933714,12.237795305891934,True
roll,0.0075,Sr,trail10,197,15.44132947645215,1.501079187690527,0.49238578680203043,4.791468396651115,21.8837130965272,16.66601742721636,True
roll,0.01,Lf,hold1,107,2.056146913239169,0.21968888670885553,0.5046728971962616,8.135948330935639,1.338610823116929,0.1391976227330544,True
roll,0.01,Lf,hold2,107,-8.86264209457672,-0.7325332503272589,0.45794392523364486,-5.846387650422224,11.193243707385284,-21.318529425268842,False
roll,0.01,Lf,hold4,107,-8.141966029100768,-0.5900277637025945,0.4392523364485981,0.7415263645707191,-0.9429152599229116,-15.591491740221041,False
roll,0.01,Lf,holdEOD,107,-6.022816439904883,-0.4340759613669866,0.45794392523364486,-2.430639253796935,-2.840280952685147,-9.188167731033593,False
roll,0.01,Lf,trail05,107,-7.29899745022817,-0.580176000666787,0.42990654205607476,0.52090179499265,11.103970775328655,-20.657359252808146,False
roll,0.01,Lf,trail10,107,-10.41700125165902,-0.7938213244032282,0.4392523364485981,-6.04216469774031,4.7336944546476705,-20.626876424891748,False
roll,0.01,Sf,hold1,109,-5.821454433173548,-0.903516860409125,0.5045871559633027,6.2435680402964095,-13.815979112818779,-7.621261716936679,False
roll,0.01,Sf,hold2,109,-10.649912211344772,-1.0076073347738612,0.46788990825688076,-0.8492356228469555,-21.18795957295019,-9.604701736708183,False
roll,0.01,Sf,hold4,109,-20.448242200659656,-1.3177940979762508,0.44954128440366975,-3.974920382732555,-28.323732007730413,-24.790498738314962,False
roll,0.01,Sf,holdEOD,109,-20.89366895626509,-1.3480087326918795,0.45871559633027525,-5.531573559593684,-27.064729879701783,-25.670384605870318,False
roll,0.01,Sf,trail05,109,-7.904867591137102,-0.6750526344723464,0.42201834862385323,-5.4209518248735415,0.10356972704652774,-14.261091557518549,False
roll,0.01,Sf,trail10,109,-10.813903265026592,-0.8235277003026089,0.46788990825688076,-5.822405186357189,-17.09259372494559,-9.716354103931678,False
roll,0.01,Lr,hold1,109,5.821454433173548,0.903516860409125,0.48623853211009177,-6.2435680402964095,13.815979112818779,7.621261716936679,False
roll,0.01,Lr,hold2,109,10.649912211344772,1.0076073347738612,0.5321100917431193,0.8492356228469555,21.18795957295019,9.604701736708183,True
roll,0.01,Lr,hold4,109,20.448242200659656,1.3177940979762508,0.5504587155963303,3.974920382732555,28.323732007730413,24.790498738314962,True
roll,0.01,Lr,holdEOD,109,20.89366895626509,1.3480087326918795,0.5412844036697247,5.531573559593684,27.064729879701783,25.670384605870318,True
roll,0.01,Lr,trail05,109,5.814364385407823,0.3961779597099036,0.4954128440366973,-8.848866192952457,28.044497958744664,0.2430906938207419,False
roll,0.01,Lr,trail10,109,9.889859454501318,0.6697825075968313,0.5137614678899083,-2.305081700741003,31.76243270098745,3.1580310886156107,False
roll,0.01,Sr,hold1,107,-2.056146913239169,-0.21968888670885553,0.4953271028037383,-8.135948330935639,-1.338610823116929,-0.1391976227330544,False
roll,0.01,Sr,hold2,107,8.86264209457672,0.7325332503272589,0.5420560747663551,5.846387650422224,-11.193243707385284,21.318529425268842,False
roll,0.01,Sr,hold4,107,8.141966029100768,0.5900277637025945,0.5607476635514018,-0.7415263645707191,0.9429152599229116,15.591491740221041,False
roll,0.01,Sr,holdEOD,107,6.022816439904883,0.4340759613669866,0.5327102803738317,2.430639253796935,2.840280952685147,9.188167731033593,True
roll,0.01,Sr,trail05,107,7.239075474261764,0.6219811334503128,0.4766355140186916,0.9297265524945161,12.962438690230806,6.422203977208525,True
roll,0.01,Sr,trail10,107,8.060192584468334,0.663833422324986,0.5233644859813084,2.3563760763576456,12.765452299427205,7.585957957315608,True
roll,0.015,Lf,hold1,38,12.161873930274917,0.6626466949971194,0.47368421052631576,5.854183263022696,79.68923946721245,1.2297891321168268,True
roll,0.015,Lf,hold2,38,-3.66699779414795,-0.1376555324495483,0.4473684210526316,-15.72640406571444,141.88184719378836,-27.50439756492828,False
roll,0.015,Lf,hold4,38,-11.88725193359043,-0.4055892108360701,0.39473684210526316,-21.0429950598795,129.29358321943693,-35.463161224079414,False
roll,0.015,Lf,holdEOD,38,-4.757757436482312,-0.16002572470432483,0.42105263157894735,-20.36158146832178,125.74870719266256,-25.27608611457257,False
roll,0.015,Lf,trail05,38,-13.663256879703434,-0.5061756236211921,0.3157894736842105,-20.96217288970559,140.48625049380436,-39.88657676604374,False
roll,0.015,Lf,trail10,38,-17.59836706982457,-0.6323748324392209,0.3684210526315789,-28.386230697792502,124.4505738135205,-41.037845151141916,False
roll,0.015,Sf,hold1,47,-11.431309934368784,-1.103940152604996,0.5319148936170213,13.808612567011904,-14.226640426608357,-23.990569130807557,False
roll,0.015,Sf,hold2,47,-8.611736281731403,-0.41836960740214035,0.44680851063829785,0.0854824489963068,-29.929300429068125,0.6301338751248594,False
roll,0.015,Sf,hold4,47,-27.359725725117425,-0.8403989794417893,0.425531914893617,-18.081321110092492,-42.91681244804914,-22.290280070796246,False
roll,0.015,Sf,holdEOD,47,-29.135394519408596,-0.9028818741108725,0.40425531914893614,-24.849180402485775,-45.37683255226686,-20.757034373839932,False
roll,0.015,Sf,trail05,47,3.3012022612581853,0.13961094658019804,0.40425531914893614,-15.255147879728792,14.695831102654301,6.308411685653337,False
roll,0.015,Sf,trail10,47,-10.420848016702044,-0.39140169355781196,0.425531914893617,-20.83355131519959,-20.877292033977817,2.500230832051827,False
roll,0.015,Lr,hold1,47,11.431309934368784,1.103940152604996,0.46808510638297873,-13.808612567011904,14.226640426608357,23.990569130807557,False
roll,0.015,Lr,hold2,47,8.611736281731403,0.41836960740214035,0.5531914893617021,-0.0854824489963068,29.929300429068125,-0.6301338751248594,False
roll,0.015,Lr,hold4,47,27.359725725117425,0.8403989794417893,0.574468085106383,18.081321110092492,42.91681244804914,22.290280070796246,True
roll,0.015,Lr,holdEOD,47,29.135394519408596,0.9028818741108725,0.5957446808510638,24.849180402485775,45.37683255226686,20.757034373839932,True
roll,0.015,Lr,trail05,47,3.2047109172008414,0.10356360055063288,0.5106382978723404,-5.4435107468665,49.43446255750903,-22.67328255877567,False
roll,0.015,Lr,trail10,47,9.348717249736143,0.301841168471674,0.5531914893617021,7.330334525541813,57.21265357967567,-21.40721208020774,False
roll,0.015,Sr,hold1,38,-12.161873930274917,-0.6626466949971194,0.5263157894736842,-5.854183263022696,-79.68923946721245,-1.2297891321168268,False
roll,0.015,Sr,hold2,38,3.66699779414795,0.1376555324495483,0.5526315789473685,15.72640406571444,-141.88184719378836,27.50439756492828,False
roll,0.015,Sr,hold4,38,11.88725193359043,0.4055892108360701,0.6052631578947368,21.0429950598795,-129.29358321943693,35.463161224079414,False
roll,0.015,Sr,holdEOD,38,4.757757436482312,0.16002572470432483,0.5789473684210527,20.36158146832178,-125.74870719266256,25.27608611457257,False
roll,0.015,Sr,trail05,38,-5.505261968880009,-0.23605183212924508,0.4473684210526316,5.67722736113362,-68.24383657425506,3.7011818302916786,False
roll,0.015,Sr,trail10,38,0.4125348253887307,0.01697876351386695,0.5263157894736842,20.36158146832178,-57.05694857768058,7.112612818270207,False
